{
  "Components": {
    "Nameplate": {
      "Text": "AstroDwarf"
    },
    "EffectController": {
      "ActiveEntityEffects": [
        {
          "EntityEffectId": "HealthRegen_Buff_T1",
          "InitialDuration": 45.0,
          "RemainingDuration": 41.966590881347656,
          "SinceLastDamage": 1.0334628820419312,
          "HasBeenDamaged": false,
          "SequentialHits": {
            "Hits": 0
          },
          "Infinite": false,
          "Debuff": false,
          "StatusEffectIcon": "UI/StatusEffects/HealthRegen.png",
          "Invulnerable": false
        }
      ]
    },
    "ObjectiveHistory": {
      "ObjectiveHistory": {},
      "ObjectiveLineHistory": {}
    },
    "DisplayName": {
      "DisplayName": {
        "RawText": "AstroDwarf",
        "Bold": null,
        "Italic": null,
        "Monospace": null,
        "Underline": null
      }
    },
    "UIComponentList": {},
    "Transform": {
      "Position": {
        "X": -10.955516815185547,
        "Y": 80.0,
        "Z": 26.961463928222656
      },
      "Rotation": {
        "Pitch": 0.0,
        "Yaw": 4.53931188583374,
        "Roll": 0.0
      }
    },
    "BuilderTools": {
      "SelectionHistory": true
    },
    "Velocity": {
      "Velocity": {
        "X": -0.3585140859284214,
        "Y": 0.0,
        "Z": 0.4656591862238438
      }
    },
    "Player": {
      "Version": 5,
      "UUID": {
        "$binary": "zk1jNB3eT0qK8FAC0x4Nwg==",
        "$type": "04"
      },
      "Inventory": {
        "Version": 4,
        "Storage": {
          "Id": "Simple",
          "Capacity": 36,
          "Items": {
            "0": {
              "Id": "RustyGear",
              "Quantity": 1,
              "Durability": 0.0,
              "MaxDurability": 0.0,
              "OverrideDroppedItemAnimation": false
            },
            "2": {
              "Id": "RustyGear",
              "Quantity": 1,
              "Durability": 0.0,
              "MaxDurability": 0.0,
              "OverrideDroppedItemAnimation": false
            },
            "32": {
              "Id": "Rubble_Shale",
              "Quantity": 1,
              "Durability": 0.0,
              "MaxDurability": 0.0,
              "OverrideDroppedItemAnimation": false
            },
            "1": {
              "Id": "RustyGear",
              "Quantity": 1,
              "Durability": 0.0,
              "MaxDurability": 0.0,
              "OverrideDroppedItemAnimation": false
            },
            "22": {
              "Id": "Ingredient_Fibre",
              "Quantity": 1,
              "Durability": 0.0,
              "MaxDurability": 0.0,
              "OverrideDroppedItemAnimation": false
            }
          }
        },
        "Armor": {
          "Id": "Simple",
          "Capacity": 4,
          "Items": {}
        },
        "HotBar": {
          "Id": "Simple",
          "Capacity": 9,
          "Items": {
            "0": {
              "Id": "MannCoRifle",
              "Quantity": 1,
              "Durability": 0.0,
              "MaxDurability": 0.0,
              "OverrideDroppedItemAnimation": false
            },
            "1": {
              "Id": "RustyGear",
              "Quantity": 1,
              "Durability": 0.0,
              "MaxDurability": 0.0,
              "OverrideDroppedItemAnimation": false
            }
          }
        },
        "Utility": {
          "Id": "Simple",
          "Capacity": 4,
          "Items": {}
        },
        "Backpack": {
          "Id": "Empty"
        },
        "ActiveHotbarSlot": 0,
        "Tool": {
          "Id": "Simple",
          "Capacity": 23,
          "Items": {
            "0": {
              "Id": "EditorTool_Paint",
              "Quantity": 1,
              "Durability": 0.0,
              "MaxDurability": 0.0,
              "OverrideDroppedItemAnimation": false
            },
            "2": {
              "Id": "EditorTool_Selection",
              "Quantity": 1,
              "Durability": 0.0,
              "MaxDurability": 0.0,
              "OverrideDroppedItemAnimation": false
            },
            "4": {
              "Id": "EditorTool_Line",
              "Quantity": 1,
              "Durability": 0.0,
              "MaxDurability": 0.0,
              "OverrideDroppedItemAnimation": false
            },
            "1": {
              "Id": "EditorTool_Sculpt",
              "Quantity": 1,
              "Durability": 0.0,
              "MaxDurability": 0.0,
              "OverrideDroppedItemAnimation": false
            },
            "3": {
              "Id": "EditorTool_Paste",
              "Quantity": 1,
              "Durability": 0.0,
              "MaxDurability": 0.0,
              "OverrideDroppedItemAnimation": false
            },
            "5": {
              "Id": "EditorTool_Layers",
              "Quantity": 1,
              "Durability": 0.0,
              "MaxDurability": 0.0,
              "OverrideDroppedItemAnimation": false
            }
          }
        },
        "ActiveToolsSlot": -1,
        "ActiveUtilitySlot": -1,
        "SortType": "Name"
      },
      "PlayerData": {
        "BlockIdVersion": 11,
        "World": "MannCoWorld",
        "KnownRecipes": [],
        "PerWorldData": {
          "MannCoBuildingWorld": {
            "LastPosition": {
              "X": -11.017854690551758,
              "Y": 82.0,
              "Z": 2.2307021617889404,
              "Pitch": -0.38749992847442627,
              "Yaw": -2.267843246459961,
              "Roll": 0.0
            },
            "LastMovementStates": {
              "Flying": false
            },
            "FirstSpawn": false,
            "DeathPositions": []
          },
          "default": {
            "LastPosition": {
              "X": -9.948473930358887,
              "Y": 80.0,
              "Z": 3.9083924293518066,
              "Pitch": -0.18875005841255188,
              "Yaw": 1.2308460474014282,
              "Roll": 0.0
            },
            "LastMovementStates": {
              "Flying": false
            },
            "FirstSpawn": false,
            "DeathPositions": []
          },
          "MannCoWorld": {
            "LastPosition": {
              "X": -9.441412925720215,
              "Y": 80.0,
              "Z": 28.451541900634766,
              "Pitch": -0.09375046193599701,
              "Yaw": 0.1345779150724411,
              "Roll": 0.0
            },
            "LastMovementStates": {
              "Flying": false
            },
            "FirstSpawn": false,
            "DeathPositions": [
              {
                "MarkerId": "death-marker-43070580-4f6b-4033-b543-8e7fc4cb29ff",
                "Transform": {
                  "X": 15.694953918457031,
                  "Y": 80.0,
                  "Z": 25.804147720336914,
                  "Pitch": 0.0,
                  "Yaw": 0.0,
                  "Roll": 0.0
                },
                "Day": 0
              },
              {
                "MarkerId": "death-marker-6673ca87-221a-458e-b26b-e33587b76104",
                "Transform": {
                  "X": 4.157841682434082,
                  "Y": 80.05000305175781,
                  "Z": 9.722051620483398,
                  "Pitch": 0.0,
                  "Yaw": 0.0,
                  "Roll": 0.0
                },
                "Day": 0
              },
              {
                "MarkerId": "death-marker-75d8eb67-164d-4354-a48e-1e4b96174b98",
                "Transform": {
                  "X": -8.537924766540527,
                  "Y": 80.0,
                  "Z": -8.423029899597168,
                  "Pitch": 0.0,
                  "Yaw": 0.0,
                  "Roll": 0.0
                },
                "Day": 0
              },
              {
                "MarkerId": "death-marker-55cb3438-39e0-41e7-8407-efe6dff70a66",
                "Transform": {
                  "X": -15.432692527770996,
                  "Y": 80.0,
                  "Z": 36.74964141845703,
                  "Pitch": 0.0,
                  "Yaw": 0.0,
                  "Roll": 0.0
                },
                "Day": 0
              },
              {
                "MarkerId": "death-marker-e599de06-e6c1-42ac-82cc-22f350a76e62",
                "Transform": {
                  "X": 20.748350143432617,
                  "Y": 80.0,
                  "Z": 6.185605049133301,
                  "Pitch": 0.0,
                  "Yaw": 0.0,
                  "Roll": 0.0
                },
                "Day": 0
              }
            ]
          },
          "instance-Default_Flat-aa4a1b13-c3a8-4c4f-96fa-7e022ca987ed": {
            "LastPosition": {
              "X": 0.5,
              "Y": 80.0,
              "Z": 0.5,
              "Pitch": 0.003193617332726717,
              "Yaw": 3.138798713684082,
              "Roll": 0.0
            },
            "LastMovementStates": {
              "Flying": false
            },
            "FirstSpawn": false,
            "DeathPositions": []
          },
          "instance-Basic-409aadf9-60c1-4b6a-997e-fb6fac193326": {
            "LastPosition": {
              "X": 24.66973304748535,
              "Y": 130.8068084716797,
              "Z": 3.5909783840179443,
              "Pitch": -0.10898874700069427,
              "Yaw": -3.1397480964660645,
              "Roll": 0.0
            },
            "LastMovementStates": {
              "Flying": true
            },
            "FirstSpawn": false,
            "DeathPositions": []
          }
        },
        "DiscoveredZones": [],
        "DiscoveredInstances": [
          {
            "$binary": "TQgqE5WfT5W72Q/4g7McQw==",
            "$type": "04"
          },
          {
            "$binary": "kbGUBuLcTU+9eHOX7lYNmQ==",
            "$type": "04"
          },
          {
            "$binary": "0nI7/t6PR/6KWflr7fqSwQ==",
            "$type": "04"
          },
          {
            "$binary": "YK4JUYOvRI6R63lf8IbsWg==",
            "$type": "04"
          },
          {
            "$binary": "JPB3gJjmSt6t6EMZzjXpCg==",
            "$type": "04"
          },
          {
            "$binary": "A+xmMf0dTlienaEK3eYq/g==",
            "$type": "04"
          },
          {
            "$binary": "TjWnz6SqRM+sGo3i44oUhQ==",
            "$type": "04"
          },
          {
            "$binary": "Q+x1x2VmQs6MImR5755FHA==",
            "$type": "04"
          },
          {
            "$binary": "qHcrbv7KT6ae1X38JkYExw==",
            "$type": "04"
          }
        ],
        "ReputationData": {},
        "ActiveObjectiveUUIDs": []
      },
      "BlockPlacementOverride": false,
      "HotbarManager": {
        "SavedHotbars": [
          {
            "Id": "Simple",
            "Capacity": 9,
            "Items": {
              "0": {
                "Id": "MannCoRifle",
                "Quantity": 1,
                "Durability": 0.0,
                "MaxDurability": 0.0,
                "OverrideDroppedItemAnimation": false
              },
              "1": {
                "Id": "RustyGear",
                "Quantity": 1,
                "Durability": 0.0,
                "MaxDurability": 0.0,
                "OverrideDroppedItemAnimation": false
              },
              "3": {
                "Id": "RustyGear",
                "Quantity": 1,
                "Durability": 0.0,
                "MaxDurability": 0.0,
                "OverrideDroppedItemAnimation": false
              },
              "2": {
                "Id": "RustyGear",
                "Quantity": 1,
                "Durability": 0.0,
                "MaxDurability": 0.0,
                "OverrideDroppedItemAnimation": false
              },
              "7": {
                "Id": "RustyGear",
                "Quantity": 1,
                "Durability": 0.0,
                "MaxDurability": 0.0,
                "OverrideDroppedItemAnimation": false
              },
              "6": {
                "Id": "RustyGear",
                "Quantity": 1,
                "Durability": 0.0,
                "MaxDurability": 0.0,
                "OverrideDroppedItemAnimation": false
              },
              "4": {
                "Id": "RustyGear",
                "Quantity": 1,
                "Durability": 0.0,
                "MaxDurability": 0.0,
                "OverrideDroppedItemAnimation": false
              },
              "5": {
                "Id": "RustyGear",
                "Quantity": 1,
                "Durability": 0.0,
                "MaxDurability": 0.0,
                "OverrideDroppedItemAnimation": false
              },
              "8": {
                "Id": "RustyGear",
                "Quantity": 1,
                "Durability": 0.0,
                "MaxDurability": 0.0,
                "OverrideDroppedItemAnimation": false
              }
            }
          },
          null,
          null,
          null,
          null,
          null,
          null,
          null,
          null,
          null
        ],
        "CurrentHotbar": 0
      },
      "GameMode": "Adventure"
    },
    "HitboxCollision": {
      "HitboxCollisionConfigIndex": 1
    },
    "UniqueItemUsages": {
      "UniqueItemUsed": []
    },
    "Instance": {
      "ReturnPoint": {
        "World": {
          "$binary": "KzPekp2RQDKA9PZoO+OqIA==",
          "$type": "04"
        },
        "ReturnPoint": {
          "X": -10.955516815185547,
          "Y": 80.0,
          "Z": 26.961463928222656,
          "Pitch": 0.0,
          "Yaw": 4.53931188583374,
          "Roll": 0.0
        },
        "ReturnOnReconnect": false
      }
    },
    "UUID": {
      "UUID": {
        "$binary": "zk1jNB3eT0qK8FAC0x4Nwg==",
        "$type": "04"
      }
    },
    "EntityStats": {
      "Version": 5,
      "Stats": {
        "Oxygen": {
          "Id": "Oxygen",
          "Value": 100.0
        },
        "Mana": {
          "Id": "Mana",
          "Value": 0.0
        },
        "Health": {
          "Id": "Health",
          "Value": 100.0
        },
        "GlidingActive": {
          "Id": "GlidingActive",
          "Value": 0.0
        },
        "Immunity": {
          "Id": "Immunity",
          "Value": 0.0
        },
        "SignatureCharges": {
          "Id": "SignatureCharges",
          "Value": 0.0
        },
        "Stamina": {
          "Id": "Stamina",
          "Value": 0.4999985992908478
        },
        "Ammo": {
          "Id": "Ammo",
          "Value": 0.0
        },
        "Unknown": {
          "Id": "Unknown",
          "Value": 0.0
        },
        "SignatureEnergy": {
          "Id": "SignatureEnergy",
          "Value": 0.0
        },
        "DeployablePreview": {
          "Id": "DeployablePreview",
          "Value": 0.0
        },
        "StaminaRegenDelay": {
          "Id": "StaminaRegenDelay",
          "Value": 0.0
        },
        "MagicCharges": {
          "Id": "MagicCharges",
          "Value": 0.0
        }
      }
    },
    "HeadRotation": {
      "Rotation": {
        "Pitch": -0.3824998438358307,
        "Yaw": -3.0606725215911865,
        "Roll": 0.0
      }
    }
  }
}