{
  "Components": {
    "Nameplate": {
      "Text": "Cxom"
    },
    "EffectController": {
      "ActiveEntityEffects": [
        {
          "EntityEffectId": "HealthRegen_Buff_T1",
          "InitialDuration": 45.0,
          "RemainingDuration": 6.966856479644775,
          "SinceLastDamage": 0.03357253223657608,
          "HasBeenDamaged": false,
          "SequentialHits": {
            "Hits": 0
          },
          "Infinite": false,
          "Debuff": false,
          "StatusEffectIcon": "UI/StatusEffects/HealthRegen.png",
          "Invulnerable": false
        }
      ]
    },
    "ObjectiveHistory": {
      "ObjectiveHistory": {},
      "ObjectiveLineHistory": {}
    },
    "DisplayName": {
      "DisplayName": {
        "RawText": "Cxom",
        "Bold": null,
        "Italic": null,
        "Monospace": null,
        "Underline": null
      }
    },
    "UIComponentList": {},
    "Transform": {
      "Position": {
        "X": -6.312894344329834,
        "Y": 80.0,
        "Z": 15.005193710327148
      },
      "Rotation": {
        "Pitch": 0.0,
        "Yaw": 23.960403442382812,
        "Roll": 0.0
      }
    },
    "BuilderTools": {
      "SelectionHistory": true
    },
    "Velocity": {
      "Velocity": {
        "X": -2.647699909676788,
        "Y": 0.0,
        "Z": 0.21443325145906297
      }
    },
    "Player": {
      "Version": 5,
      "UUID": {
        "$binary": "hqqnS1RESMS7x1usTjDHEA==",
        "$type": "04"
      },
      "Inventory": {
        "Version": 4,
        "Storage": {
          "Id": "Simple",
          "Capacity": 36,
          "Items": {}
        },
        "Armor": {
          "Id": "Simple",
          "Capacity": 4,
          "Items": {}
        },
        "HotBar": {
          "Id": "Simple",
          "Capacity": 9,
          "Items": {
            "0": {
              "Id": "MannCoRifle",
              "Quantity": 1,
              "Durability": 0.0,
              "MaxDurability": 0.0,
              "OverrideDroppedItemAnimation": false
            }
          }
        },
        "Utility": {
          "Id": "Simple",
          "Capacity": 4,
          "Items": {}
        },
        "Backpack": {
          "Id": "Empty"
        },
        "ActiveHotbarSlot": 0,
        "Tool": {
          "Id": "Simple",
          "Capacity": 23,
          "Items": {
            "0": {
              "Id": "EditorTool_Paint",
              "Quantity": 1,
              "Durability": 0.0,
              "MaxDurability": 0.0,
              "OverrideDroppedItemAnimation": false
            },
            "2": {
              "Id": "EditorTool_Selection",
              "Quantity": 1,
              "Durability": 0.0,
              "MaxDurability": 0.0,
              "OverrideDroppedItemAnimation": false
            },
            "4": {
              "Id": "EditorTool_Line",
              "Quantity": 1,
              "Durability": 0.0,
              "MaxDurability": 0.0,
              "OverrideDroppedItemAnimation": false
            },
            "1": {
              "Id": "EditorTool_Sculpt",
              "Quantity": 1,
              "Durability": 0.0,
              "MaxDurability": 0.0,
              "OverrideDroppedItemAnimation": false
            },
            "3": {
              "Id": "EditorTool_Paste",
              "Quantity": 1,
              "Durability": 0.0,
              "MaxDurability": 0.0,
              "OverrideDroppedItemAnimation": false
            },
            "5": {
              "Id": "EditorTool_Layers",
              "Quantity": 1,
              "Durability": 0.0,
              "MaxDurability": 0.0,
              "OverrideDroppedItemAnimation": false
            }
          }
        },
        "ActiveToolsSlot": -1,
        "ActiveUtilitySlot": -1,
        "SortType": "Name"
      },
      "PlayerData": {
        "BlockIdVersion": 1,
        "World": "MannCoWorld",
        "KnownRecipes": [],
        "PerWorldData": {
          "default": {
            "LastPosition": {
              "X": -6.976222038269043,
              "Y": 85.21745300292969,
              "Z": -5.441340923309326,
              "Pitch": -0.2784541845321655,
              "Yaw": -1.4521600008010864,
              "Roll": 0.0
            },
            "LastMovementStates": {
              "Flying": true
            },
            "FirstSpawn": false,
            "DeathPositions": []
          },
          "MannCoWorld": {
            "LastMovementStates": {
              "Flying": false
            },
            "FirstSpawn": false,
            "DeathPositions": []
          }
        },
        "DiscoveredZones": [],
        "DiscoveredInstances": [
          {
            "$binary": "qHcrbv7KT6ae1X38JkYExw==",
            "$type": "04"
          }
        ],
        "ReputationData": {},
        "ActiveObjectiveUUIDs": []
      },
      "BlockPlacementOverride": false,
      "HotbarManager": {
        "SavedHotbars": [
          {
            "Id": "Simple",
            "Capacity": 9,
            "Items": {
              "0": {
                "Id": "MannCoRifle",
                "Quantity": 1,
                "Durability": 0.0,
                "MaxDurability": 0.0,
                "OverrideDroppedItemAnimation": false
              }
            }
          },
          null,
          null,
          null,
          null,
          null,
          null,
          null,
          null,
          null
        ],
        "CurrentHotbar": 0
      },
      "GameMode": "Adventure"
    },
    "HitboxCollision": {
      "HitboxCollisionConfigIndex": 1
    },
    "UniqueItemUsages": {
      "UniqueItemUsed": []
    },
    "Instance": {
      "ReturnPoint": {
        "World": {
          "$binary": "KzPekp2RQDKA9PZoO+OqIA==",
          "$type": "04"
        },
        "ReturnPoint": {
          "X": -10.955516815185547,
          "Y": 80.0,
          "Z": 26.961463928222656,
          "Pitch": 0.0,
          "Yaw": 4.53931188583374,
          "Roll": 0.0
        },
        "ReturnOnReconnect": false
      }
    },
    "UUID": {
      "UUID": {
        "$binary": "hqqnS1RESMS7x1usTjDHEA==",
        "$type": "04"
      }
    },
    "EntityStats": {
      "Version": 5,
      "Stats": {
        "Oxygen": {
          "Id": "Oxygen",
          "Value": 100.0
        },
        "Mana": {
          "Id": "Mana",
          "Value": 0.0
        },
        "Health": {
          "Id": "Health",
          "Value": 100.0
        },
        "GlidingActive": {
          "Id": "GlidingActive",
          "Value": 0.0
        },
        "Immunity": {
          "Id": "Immunity",
          "Value": 0.0
        },
        "SignatureCharges": {
          "Id": "SignatureCharges",
          "Value": 0.0
        },
        "Stamina": {
          "Id": "Stamina",
          "Value": 10.0
        },
        "Ammo": {
          "Id": "Ammo",
          "Value": 0.0
        },
        "Unknown": {
          "Id": "Unknown",
          "Value": 0.0
        },
        "SignatureEnergy": {
          "Id": "SignatureEnergy",
          "Value": 0.0
        },
        "DeployablePreview": {
          "Id": "DeployablePreview",
          "Value": 0.0
        },
        "StaminaRegenDelay": {
          "Id": "StaminaRegenDelay",
          "Value": 0.0
        },
        "MagicCharges": {
          "Id": "MagicCharges",
          "Value": 0.0
        }
      }
    },
    "HeadRotation": {
      "Rotation": {
        "Pitch": -0.16800129413604736,
        "Yaw": -1.0527526140213013,
        "Roll": 0.0
      }
    }
  }
}