{
  "Components": {
    "Nameplate": {
      "Text": "AstroDwarf"
    },
    "EffectController": {},
    "ObjectiveHistory": {
      "ObjectiveHistory": {},
      "ObjectiveLineHistory": {}
    },
    "RespondToHit": {},
    "DisplayName": {
      "DisplayName": {
        "RawText": "AstroDwarf",
        "Bold": null,
        "Italic": null,
        "Monospace": null,
        "Underline": null
      }
    },
    "UIComponentList": {},
    "Transform": {
      "Position": {
        "X": -43.41685104370117,
        "Y": 111.6175537109375,
        "Z": 42.688167572021484
      },
      "Rotation": {
        "Pitch": 0.0,
        "Yaw": 24.4696102142334,
        "Roll": 0.0
      }
    },
    "BuilderTools": {
      "SelectionHistory": true
    },
    "Velocity": {
      "Velocity": {
        "X": 0.0,
        "Y": 0.0,
        "Z": 0.0
      }
    },
    "Player": {
      "Version": 5,
      "UUID": {
        "$binary": "zk1jNB3eT0qK8FAC0x4Nwg==",
        "$type": "04"
      },
      "Inventory": {
        "Version": 4,
        "Storage": {
          "Id": "Simple",
          "Capacity": 36,
          "Items": {
            "30": {
              "Id": "MannCoBarrierBlock",
              "Quantity": 1,
              "Durability": 0.0,
              "MaxDurability": 0.0,
              "OverrideDroppedItemAnimation": false
            },
            "28": {
              "Id": "EditorTool_Line",
              "Quantity": 1,
              "Durability": 0.0,
              "MaxDurability": 0.0,
              "Metadata": {
                "ToolData": {
                  "fLineWallThickness": 0,
                  "hLineDensity": 100,
                  "bLineWidth": 1,
                  "cLineHeight": 1,
                  "iLineType": "Split",
                  "dLineShape": "Cube",
                  "aLineMaterial": "Rock_Magma_Cooled",
                  "gLineSpacing": 1,
                  "eLineOrigin": "Center"
                }
              },
              "OverrideDroppedItemAnimation": false
            }
          }
        },
        "Armor": {
          "Id": "Simple",
          "Capacity": 4,
          "Items": {}
        },
        "HotBar": {
          "Id": "Simple",
          "Capacity": 9,
          "Items": {
            "0": {
              "Id": "EditorTool_Paste",
              "Quantity": 1,
              "Durability": 0.0,
              "MaxDurability": 0.0,
              "OverrideDroppedItemAnimation": false
            },
            "1": {
              "Id": "EditorTool_Selection",
              "Quantity": 1,
              "Durability": 0.0,
              "MaxDurability": 0.0,
              "OverrideDroppedItemAnimation": false
            },
            "3": {
              "Id": "Plant_Coral_Block_Red",
              "Quantity": 100,
              "Durability": 0.0,
              "MaxDurability": 0.0,
              "OverrideDroppedItemAnimation": false
            },
            "2": {
              "Id": "Rock_Magma_Cooled",
              "Quantity": 1,
              "Durability": 0.0,
              "MaxDurability": 0.0,
              "OverrideDroppedItemAnimation": false
            },
            "7": {
              "Id": "Furniture_Human_Ruins_Brazier",
              "Quantity": 100,
              "Durability": 0.0,
              "MaxDurability": 0.0,
              "OverrideDroppedItemAnimation": false
            },
            "6": {
              "Id": "Furniture_Scarak_Hive_Lamp",
              "Quantity": 100,
              "Durability": 0.0,
              "MaxDurability": 0.0,
              "OverrideDroppedItemAnimation": false
            },
            "4": {
              "Id": "Soil_Dirt_Poisoned",
              "Quantity": 1,
              "Durability": 0.0,
              "MaxDurability": 0.0,
              "OverrideDroppedItemAnimation": false
            },
            "5": {
              "Id": "Rock_Volcanic_Brick",
              "Quantity": 1,
              "Durability": 0.0,
              "MaxDurability": 0.0,
              "OverrideDroppedItemAnimation": false
            },
            "8": {
              "Id": "Furniture_Human_Ruins_Lantern",
              "Quantity": 100,
              "Durability": 0.0,
              "MaxDurability": 0.0,
              "OverrideDroppedItemAnimation": false
            }
          }
        },
        "Utility": {
          "Id": "Simple",
          "Capacity": 4,
          "Items": {}
        },
        "Backpack": {
          "Id": "Empty"
        },
        "ActiveHotbarSlot": 0,
        "Tool": {
          "Id": "Simple",
          "Capacity": 23,
          "Items": {
            "0": {
              "Id": "EditorTool_Paint",
              "Quantity": 1,
              "Durability": 0.0,
              "MaxDurability": 0.0,
              "OverrideDroppedItemAnimation": false
            },
            "2": {
              "Id": "EditorTool_Selection",
              "Quantity": 1,
              "Durability": 0.0,
              "MaxDurability": 0.0,
              "OverrideDroppedItemAnimation": false
            },
            "4": {
              "Id": "EditorTool_Line",
              "Quantity": 1,
              "Durability": 0.0,
              "MaxDurability": 0.0,
              "OverrideDroppedItemAnimation": false
            },
            "1": {
              "Id": "EditorTool_Sculpt",
              "Quantity": 1,
              "Durability": 0.0,
              "MaxDurability": 0.0,
              "OverrideDroppedItemAnimation": false
            },
            "3": {
              "Id": "EditorTool_Paste",
              "Quantity": 1,
              "Durability": 0.0,
              "MaxDurability": 0.0,
              "OverrideDroppedItemAnimation": false
            },
            "5": {
              "Id": "EditorTool_Layers",
              "Quantity": 1,
              "Durability": 0.0,
              "MaxDurability": 0.0,
              "OverrideDroppedItemAnimation": false
            }
          }
        },
        "ActiveToolsSlot": -1,
        "ActiveUtilitySlot": -1,
        "SortType": "Name"
      },
      "PlayerData": {
        "BlockIdVersion": 11,
        "World": "MannCoBuildingWorld",
        "KnownRecipes": [],
        "PerWorldData": {
          "MannCoBuildingWorld": {
            "LastPosition": {
              "X": -14.997298240661621,
              "Y": 80.0,
              "Z": 15.023557662963867,
              "Pitch": -0.21969036757946014,
              "Yaw": -2.462948799133301,
              "Roll": 0.0
            },
            "LastMovementStates": {
              "Flying": true
            },
            "FirstSpawn": false,
            "DeathPositions": []
          },
          "default": {
            "LastPosition": {
              "X": -8.79555892944336,
              "Y": 80.0,
              "Z": 4.500239849090576,
              "Pitch": -0.17031610012054443,
              "Yaw": 1.4869717359542847,
              "Roll": 0.0
            },
            "LastMovementStates": {
              "Flying": false
            },
            "FirstSpawn": false,
            "DeathPositions": []
          },
          "MannCoWorld": {
            "LastPosition": {
              "X": -14.996764183044434,
              "Y": 80.0,
              "Z": 19.130327224731445,
              "Pitch": -0.3165596127510071,
              "Yaw": -9.840433120727539,
              "Roll": 0.0
            },
            "LastMovementStates": {
              "Flying": false
            },
            "FirstSpawn": false,
            "DeathPositions": [
              {
                "MarkerId": "death-marker-e7282098-7672-48d8-9560-6c394dc4ede6",
                "Transform": {
                  "X": -5.995882511138916,
                  "Y": 80.0,
                  "Z": 19.234386444091797,
                  "Pitch": 0.0,
                  "Yaw": 0.0,
                  "Roll": 0.0
                },
                "Day": 0
              },
              {
                "MarkerId": "death-marker-7223bdec-0b4d-47fb-8b60-ec1c9dab56e5",
                "Transform": {
                  "X": 7.808523178100586,
                  "Y": 80.0,
                  "Z": -28.37533950805664,
                  "Pitch": 0.0,
                  "Yaw": 0.0,
                  "Roll": 0.0
                },
                "Day": 0
              },
              {
                "MarkerId": "death-marker-26950374-6a82-429d-ba67-c91148b21238",
                "Transform": {
                  "X": -5.1428914070129395,
                  "Y": 80.64111328125,
                  "Z": 4.673422813415527,
                  "Pitch": 0.0,
                  "Yaw": 0.0,
                  "Roll": 0.0
                },
                "Day": 0
              },
              {
                "MarkerId": "death-marker-6f98a1f7-0118-4afe-aa82-ad3f9550a2ba",
                "Transform": {
                  "X": -14.96319580078125,
                  "Y": 78.0,
                  "Z": -18.30129623413086,
                  "Pitch": 0.0,
                  "Yaw": 0.0,
                  "Roll": 0.0
                },
                "Day": 0
              },
              {
                "MarkerId": "death-marker-36caeffa-0d58-4393-965a-398c3f49458f",
                "Transform": {
                  "X": -9.676746368408203,
                  "Y": 82.0,
                  "Z": 6.3752546310424805,
                  "Pitch": 0.0,
                  "Yaw": 0.0,
                  "Roll": 0.0
                },
                "Day": 0
              }
            ]
          },
          "instance-Default_Flat-aa4a1b13-c3a8-4c4f-96fa-7e022ca987ed": {
            "LastPosition": {
              "X": 0.5,
              "Y": 80.0,
              "Z": 0.5,
              "Pitch": 0.003193617332726717,
              "Yaw": 3.138798713684082,
              "Roll": 0.0
            },
            "LastMovementStates": {
              "Flying": false
            },
            "FirstSpawn": false,
            "DeathPositions": []
          },
          "instance-Basic-409aadf9-60c1-4b6a-997e-fb6fac193326": {
            "LastPosition": {
              "X": 24.66973304748535,
              "Y": 130.8068084716797,
              "Z": 3.5909783840179443,
              "Pitch": -0.10898874700069427,
              "Yaw": -3.1397480964660645,
              "Roll": 0.0
            },
            "LastMovementStates": {
              "Flying": true
            },
            "FirstSpawn": false,
            "DeathPositions": []
          }
        },
        "DiscoveredZones": [],
        "DiscoveredInstances": [
          {
            "$binary": "bOjF7keuRTGKkFO0C2kkkA==",
            "$type": "04"
          },
          {
            "$binary": "v1EYC4tOS0Weo2d2zYouFA==",
            "$type": "04"
          },
          {
            "$binary": "XZJ4pfUwQXKFinGmzqG++w==",
            "$type": "04"
          },
          {
            "$binary": "6GA87LWRTGiIU61MxDsRFw==",
            "$type": "04"
          },
          {
            "$binary": "JPB3gJjmSt6t6EMZzjXpCg==",
            "$type": "04"
          },
          {
            "$binary": "A7jIfTbVSkaledCPRhH7FA==",
            "$type": "04"
          },
          {
            "$binary": "y/FDNk4DQ2qJIvRq7p7bkw==",
            "$type": "04"
          },
          {
            "$binary": "hLBH2StQQ9CSkByvtWhZkg==",
            "$type": "04"
          },
          {
            "$binary": "YK4JUYOvRI6R63lf8IbsWg==",
            "$type": "04"
          },
          {
            "$binary": "zvI3UCvqRsGUYtQ5vRYKLQ==",
            "$type": "04"
          },
          {
            "$binary": "PfywEaXhQIqxNRb5FIYs/g==",
            "$type": "04"
          },
          {
            "$binary": "lxmmn1MfRBOBxMB1VclC6w==",
            "$type": "04"
          },
          {
            "$binary": "VTsxLfAQS1m3cNcdzVyLtw==",
            "$type": "04"
          },
          {
            "$binary": "Va554LJtQHehcPIVcCgpDw==",
            "$type": "04"
          },
          {
            "$binary": "xUq5gbr9SVW04gHb06Nuqw==",
            "$type": "04"
          },
          {
            "$binary": "Q+x1x2VmQs6MImR5755FHA==",
            "$type": "04"
          },
          {
            "$binary": "ykNx1Q0zQJScWYCnQQYQ3w==",
            "$type": "04"
          },
          {
            "$binary": "2cqXEdNwR/SLKO0lg+TqkA==",
            "$type": "04"
          },
          {
            "$binary": "TjWnz6SqRM+sGo3i44oUhQ==",
            "$type": "04"
          },
          {
            "$binary": "tPM6frAwQeqAsLDNhz7JRA==",
            "$type": "04"
          },
          {
            "$binary": "bTJ1g3DISXOuncoIuxYKiA==",
            "$type": "04"
          },
          {
            "$binary": "5D6lqZRoQi+I4dJvKmXLxQ==",
            "$type": "04"
          },
          {
            "$binary": "oCWwBPgDTDeSbjNBw+loXA==",
            "$type": "04"
          },
          {
            "$binary": "YpSKHcYpRUib7VjNp3av/Q==",
            "$type": "04"
          },
          {
            "$binary": "kbGUBuLcTU+9eHOX7lYNmQ==",
            "$type": "04"
          },
          {
            "$binary": "QkPjNKRFTDScwu/8MYeLig==",
            "$type": "04"
          },
          {
            "$binary": "ioIuSTlCTYOWrSTf/pxCbQ==",
            "$type": "04"
          },
          {
            "$binary": "A+xmMf0dTlienaEK3eYq/g==",
            "$type": "04"
          },
          {
            "$binary": "0nI7/t6PR/6KWflr7fqSwQ==",
            "$type": "04"
          },
          {
            "$binary": "qHcrbv7KT6ae1X38JkYExw==",
            "$type": "04"
          },
          {
            "$binary": "IOCCs9nPSH+Ze4XqGFNARA==",
            "$type": "04"
          },
          {
            "$binary": "s1cVRe/yTBiJin3/ikzh4Q==",
            "$type": "04"
          },
          {
            "$binary": "RHvpOU8jTXWvS2ODF1eybQ==",
            "$type": "04"
          },
          {
            "$binary": "ejzZ29OITv+m7MDgojNzjg==",
            "$type": "04"
          },
          {
            "$binary": "deTPN64jQmyjnYD1LPUYSg==",
            "$type": "04"
          },
          {
            "$binary": "kG0i4/tER1C7hgYV4XPEdQ==",
            "$type": "04"
          },
          {
            "$binary": "TQgqE5WfT5W72Q/4g7McQw==",
            "$type": "04"
          }
        ],
        "ReputationData": {},
        "ActiveObjectiveUUIDs": []
      },
      "BlockPlacementOverride": false,
      "HotbarManager": {
        "SavedHotbars": [
          {
            "Id": "Simple",
            "Capacity": 9,
            "Items": {
              "0": {
                "Id": "EditorTool_Paste",
                "Quantity": 1,
                "Durability": 0.0,
                "MaxDurability": 0.0,
                "OverrideDroppedItemAnimation": false
              },
              "1": {
                "Id": "EditorTool_Selection",
                "Quantity": 1,
                "Durability": 0.0,
                "MaxDurability": 0.0,
                "OverrideDroppedItemAnimation": false
              },
              "3": {
                "Id": "Plant_Coral_Block_Red",
                "Quantity": 100,
                "Durability": 0.0,
                "MaxDurability": 0.0,
                "OverrideDroppedItemAnimation": false
              },
              "2": {
                "Id": "Rock_Magma_Cooled",
                "Quantity": 1,
                "Durability": 0.0,
                "MaxDurability": 0.0,
                "OverrideDroppedItemAnimation": false
              },
              "7": {
                "Id": "Furniture_Human_Ruins_Brazier",
                "Quantity": 100,
                "Durability": 0.0,
                "MaxDurability": 0.0,
                "OverrideDroppedItemAnimation": false
              },
              "6": {
                "Id": "Furniture_Scarak_Hive_Lamp",
                "Quantity": 100,
                "Durability": 0.0,
                "MaxDurability": 0.0,
                "OverrideDroppedItemAnimation": false
              },
              "4": {
                "Id": "Soil_Dirt_Poisoned",
                "Quantity": 1,
                "Durability": 0.0,
                "MaxDurability": 0.0,
                "OverrideDroppedItemAnimation": false
              },
              "5": {
                "Id": "Rock_Volcanic_Brick",
                "Quantity": 1,
                "Durability": 0.0,
                "MaxDurability": 0.0,
                "OverrideDroppedItemAnimation": false
              },
              "8": {
                "Id": "Furniture_Human_Ruins_Lantern",
                "Quantity": 100,
                "Durability": 0.0,
                "MaxDurability": 0.0,
                "OverrideDroppedItemAnimation": false
              }
            }
          },
          null,
          null,
          null,
          null,
          null,
          null,
          null,
          null,
          null
        ],
        "CurrentHotbar": 0
      },
      "GameMode": "Creative"
    },
    "Invulnerable": {},
    "HitboxCollision": {
      "HitboxCollisionConfigIndex": 1
    },
    "UniqueItemUsages": {
      "UniqueItemUsed": []
    },
    "Instance": {
      "ReturnPoint": {
        "World": {
          "$binary": "KzPekp2RQDKA9PZoO+OqIA==",
          "$type": "04"
        },
        "ReturnPoint": {
          "X": -1.7097939252853394,
          "Y": 82.6181640625,
          "Z": -9.216291427612305,
          "Pitch": -0.053671009838581085,
          "Yaw": 0.5358851552009583,
          "Roll": 0.0
        },
        "ReturnOnReconnect": false
      }
    },
    "UUID": {
      "UUID": {
        "$binary": "zk1jNB3eT0qK8FAC0x4Nwg==",
        "$type": "04"
      }
    },
    "EntityStats": {
      "Version": 5,
      "Stats": {
        "Oxygen": {
          "Id": "Oxygen",
          "Value": 100.0
        },
        "Mana": {
          "Id": "Mana",
          "Value": 0.0
        },
        "Health": {
          "Id": "Health",
          "Value": 100.0
        },
        "GlidingActive": {
          "Id": "GlidingActive",
          "Value": 0.0
        },
        "Immunity": {
          "Id": "Immunity",
          "Value": 0.0
        },
        "SignatureCharges": {
          "Id": "SignatureCharges",
          "Value": 0.0
        },
        "Stamina": {
          "Id": "Stamina",
          "Value": 10.0
        },
        "Ammo": {
          "Id": "Ammo",
          "Value": 0.0
        },
        "Unknown": {
          "Id": "Unknown",
          "Value": 0.0
        },
        "SignatureEnergy": {
          "Id": "SignatureEnergy",
          "Value": 0.0
        },
        "DeployablePreview": {
          "Id": "DeployablePreview",
          "Value": 0.0
        },
        "StaminaRegenDelay": {
          "Id": "StaminaRegenDelay",
          "Value": 0.0
        },
        "MagicCharges": {
          "Id": "MagicCharges",
          "Value": 0.0
        }
      }
    },
    "HeadRotation": {
      "Rotation": {
        "Pitch": -0.8120514154434204,
        "Yaw": -0.6922980546951294,
        "Roll": 0.0
      }
    }
  }
}