{
  "Components": {
    "Nameplate": {
      "Text": "AstroDwarf"
    },
    "EffectController": {},
    "ObjectiveHistory": {
      "ObjectiveHistory": {},
      "ObjectiveLineHistory": {}
    },
    "RespondToHit": {},
    "DisplayName": {
      "DisplayName": {
        "RawText": "AstroDwarf",
        "Bold": null,
        "Italic": null,
        "Monospace": null,
        "Underline": null
      }
    },
    "UIComponentList": {},
    "Transform": {
      "Position": {
        "X": -4.130810260772705,
        "Y": 93.35853576660156,
        "Z": -5.6680707931518555
      },
      "Rotation": {
        "Pitch": 0.0,
        "Yaw": 8.199400901794434,
        "Roll": 0.0
      }
    },
    "BuilderTools": {
      "SelectionHistory": true
    },
    "Velocity": {
      "Velocity": {
        "X": 0.0,
        "Y": 0.0,
        "Z": 0.0
      }
    },
    "Player": {
      "Version": 5,
      "UUID": {
        "$binary": "zk1jNB3eT0qK8FAC0x4Nwg==",
        "$type": "04"
      },
      "Inventory": {
        "Version": 4,
        "Storage": {
          "Id": "Simple",
          "Capacity": 36,
          "Items": {
            "0": {
              "Id": "Rock_Volcanic_Brick_Stairs",
              "Quantity": 100,
              "Durability": 0.0,
              "MaxDurability": 0.0,
              "OverrideDroppedItemAnimation": false
            },
            "33": {
              "Id": "Rock_Volcanic_Brick_Smooth",
              "Quantity": 1,
              "Durability": 0.0,
              "MaxDurability": 0.0,
              "OverrideDroppedItemAnimation": false
            },
            "35": {
              "Id": "Rubble_Shale",
              "Quantity": 7,
              "Durability": 0.0,
              "MaxDurability": 0.0,
              "OverrideDroppedItemAnimation": false
            },
            "29": {
              "Id": "EditorTool_Paint",
              "Quantity": 1,
              "Durability": 0.0,
              "MaxDurability": 0.0,
              "Metadata": {
                "ToolData": {
                  "BrushDensity": 100,
                  "BrushSpacing": 0
                },
                "BrushData": {
                  "Width": 1,
                  "Height": 1,
                  "Thickness": 0,
                  "Capped": false,
                  "Shape": "Cube",
                  "Origin": "Center",
                  "OriginRotation": false,
                  "RotationAxis": "None",
                  "RotationAngle": "None",
                  "MirrorAxis": "None",
                  "Material": "Cloth_Block_Wool_Purple_Light",
                  "FavoriteMaterials": [],
                  "Mask": "-",
                  "MaskAbove": "-",
                  "MaskNot": "-",
                  "MaskBelow": "-",
                  "MaskAdjacent": "-",
                  "MaskNeighbor": "-",
                  "MaskCommands": [],
                  "UseMaskCommands": false,
                  "InvertMask": false
                }
              },
              "OverrideDroppedItemAnimation": false
            },
            "2": {
              "Id": "Rock_Volcanic_Brick_Smooth_Half",
              "Quantity": 100,
              "Durability": 0.0,
              "MaxDurability": 0.0,
              "OverrideDroppedItemAnimation": false
            },
            "6": {
              "Id": "Rock_Volcanic_Brick_Decorative",
              "Quantity": 100,
              "Durability": 0.0,
              "MaxDurability": 0.0,
              "OverrideDroppedItemAnimation": false
            },
            "27": {
              "Id": "EditorTool_LaserPointer",
              "Quantity": 1,
              "Durability": 0.0,
              "MaxDurability": 0.0,
              "OverrideDroppedItemAnimation": false
            },
            "4": {
              "Id": "Rock_Volcanic_Brick_Pillar_Middle",
              "Quantity": 100,
              "Durability": 0.0,
              "MaxDurability": 0.0,
              "OverrideDroppedItemAnimation": false
            },
            "14": {
              "Id": "Rock_Bedrock",
              "Quantity": 100,
              "Durability": 0.0,
              "MaxDurability": 0.0,
              "OverrideDroppedItemAnimation": false
            },
            "30": {
              "Id": "Rock_Volcanic_Cracked_Lava",
              "Quantity": 100,
              "Durability": 0.0,
              "MaxDurability": 0.0,
              "OverrideDroppedItemAnimation": false
            },
            "8": {
              "Id": "Wood_Burnt_Trunk",
              "Quantity": 1,
              "Durability": 0.0,
              "MaxDurability": 0.0,
              "OverrideDroppedItemAnimation": false
            },
            "9": {
              "Id": "Ingredient_Fibre",
              "Quantity": 3,
              "Durability": 0.0,
              "MaxDurability": 0.0,
              "OverrideDroppedItemAnimation": false
            },
            "10": {
              "Id": "Cloth_Block_Wool_Purple_Light",
              "Quantity": 1,
              "Durability": 0.0,
              "MaxDurability": 0.0,
              "OverrideDroppedItemAnimation": false
            },
            "31": {
              "Id": "Rock_Magma_Cooled",
              "Quantity": 1,
              "Durability": 0.0,
              "MaxDurability": 0.0,
              "OverrideDroppedItemAnimation": false
            },
            "3": {
              "Id": "Ingredient_Crystal_Red",
              "Quantity": 3,
              "Durability": 0.0,
              "MaxDurability": 0.0,
              "OverrideDroppedItemAnimation": false
            },
            "1": {
              "Id": "Rock_Volcanic_Brick_Roof",
              "Quantity": 100,
              "Durability": 0.0,
              "MaxDurability": 0.0,
              "OverrideDroppedItemAnimation": false
            },
            "28": {
              "Id": "EditorTool_Extrude",
              "Quantity": 1,
              "Durability": 0.0,
              "MaxDurability": 0.0,
              "Metadata": {
                "ToolData": {
                  "ExtrudeRadius": 1,
                  "ExtrudeDepth": 1,
                  "ExtrudeMaterial": "Cloth_Block_Wool_Purple_Light"
                }
              },
              "OverrideDroppedItemAnimation": false
            },
            "34": {
              "Id": "Rubble_Slate",
              "Quantity": 8,
              "Durability": 0.0,
              "MaxDurability": 0.0,
              "OverrideDroppedItemAnimation": false
            },
            "7": {
              "Id": "Deco_Iron_Bars",
              "Quantity": 100,
              "Durability": 0.0,
              "MaxDurability": 0.0,
              "OverrideDroppedItemAnimation": false
            },
            "5": {
              "Id": "Rock_Volcanic_Brick_Pillar_Base",
              "Quantity": 100,
              "Durability": 0.0,
              "MaxDurability": 0.0,
              "OverrideDroppedItemAnimation": false
            },
            "18": {
              "Id": "MannCoRifle",
              "Quantity": 1,
              "Durability": 0.0,
              "MaxDurability": 0.0,
              "OverrideDroppedItemAnimation": false
            },
            "22": {
              "Id": "Rock_Slate",
              "Quantity": 1,
              "Durability": 0.0,
              "MaxDurability": 0.0,
              "OverrideDroppedItemAnimation": false
            }
          }
        },
        "Armor": {
          "Id": "Simple",
          "Capacity": 4,
          "Items": {}
        },
        "HotBar": {
          "Id": "Simple",
          "Capacity": 9,
          "Items": {
            "0": {
              "Id": "EditorTool_Cracks",
              "Quantity": 1,
              "Durability": 0.0,
              "MaxDurability": 0.0,
              "OverrideDroppedItemAnimation": false
            },
            "2": {
              "Id": "EditorTool_Paste",
              "Quantity": 1,
              "Durability": 0.0,
              "MaxDurability": 0.0,
              "OverrideDroppedItemAnimation": false
            },
            "6": {
              "Id": "Rock_Volcanic_Brick_Half",
              "Quantity": 100,
              "Durability": 0.0,
              "MaxDurability": 0.0,
              "OverrideDroppedItemAnimation": false
            },
            "4": {
              "Id": "Rock_Volcanic_Brick",
              "Quantity": 100,
              "Durability": 0.0,
              "MaxDurability": 0.0,
              "OverrideDroppedItemAnimation": false
            },
            "8": {
              "Id": "Fluid_Lava",
              "Quantity": 1,
              "Durability": 0.0,
              "MaxDurability": 0.0,
              "OverrideDroppedItemAnimation": false
            },
            "1": {
              "Id": "EditorTool_Selection",
              "Quantity": 1,
              "Durability": 0.0,
              "MaxDurability": 0.0,
              "OverrideDroppedItemAnimation": false
            },
            "3": {
              "Id": "EditorTool_Boulder",
              "Quantity": 1,
              "Durability": 0.0,
              "MaxDurability": 0.0,
              "Metadata": {
                "ToolData": {
                  "iSmoothness": 1,
                  "fDecorationBlocksDensity": 50,
                  "gDecorationsAccent": "Empty",
                  "dDecorationAccentPrimary": 10,
                  "iJitterCircle": 2,
                  "kJitter": 0,
                  "hDecorationAccentDensity": 50,
                  "cDecorationsPrimary": "Rubble_Stone",
                  "aPrimaryBlocks": "Rock_Stone",
                  "iCircleRadius": 1,
                  "iCirclePoints": 4,
                  "eDecorationBlocks": "100.0%Rock_Bedrock,100.0%Rock_Volcanic_Cracked_Lava",
                  "jBoulderSize": 0
                },
                "BrushData": {
                  "Width": 9,
                  "Height": 9,
                  "Thickness": 0,
                  "Capped": false,
                  "Shape": "Cone",
                  "Origin": "Bottom",
                  "OriginRotation": false,
                  "RotationAxis": "None",
                  "RotationAngle": "None",
                  "MirrorAxis": "None",
                  "Material": "100.0%Rock_Volcanic_Cracked_Lava,100.0%Rock_Magma_Cooled,100.0%Rock_Bedrock,100.0%Ore_Iron_Volcanic,100.0%Rock_Magma_Cooled,100.0%Rock_Volcanic_Cracked_Lava,100.0%Rock_Magma_Cooled",
                  "FavoriteMaterials": [],
                  "Mask": "-",
                  "MaskAbove": "-",
                  "MaskNot": "-",
                  "MaskBelow": "-",
                  "MaskAdjacent": "-",
                  "MaskNeighbor": "-",
                  "MaskCommands": [],
                  "UseMaskCommands": false,
                  "InvertMask": false
                }
              },
              "OverrideDroppedItemAnimation": false
            },
            "7": {
              "Id": "Deco_Iron_Bars_Platforms",
              "Quantity": 100,
              "Durability": 0.0,
              "MaxDurability": 0.0,
              "OverrideDroppedItemAnimation": false
            },
            "5": {
              "Id": "EditorTool_Line",
              "Quantity": 1,
              "Durability": 0.0,
              "MaxDurability": 0.0,
              "Metadata": {
                "ToolData": {
                  "fLineWallThickness": 0,
                  "hLineDensity": 100,
                  "bLineWidth": 3,
                  "cLineHeight": 1,
                  "iLineType": "Split",
                  "dLineShape": "Cube",
                  "aLineMaterial": "Rock_Magma_Cooled",
                  "gLineSpacing": 1,
                  "eLineOrigin": "Center"
                }
              },
              "OverrideDroppedItemAnimation": false
            }
          }
        },
        "Utility": {
          "Id": "Simple",
          "Capacity": 4,
          "Items": {}
        },
        "Backpack": {
          "Id": "Empty"
        },
        "ActiveHotbarSlot": 3,
        "Tool": {
          "Id": "Simple",
          "Capacity": 23,
          "Items": {
            "0": {
              "Id": "EditorTool_Paint",
              "Quantity": 1,
              "Durability": 0.0,
              "MaxDurability": 0.0,
              "OverrideDroppedItemAnimation": false
            },
            "2": {
              "Id": "EditorTool_Selection",
              "Quantity": 1,
              "Durability": 0.0,
              "MaxDurability": 0.0,
              "OverrideDroppedItemAnimation": false
            },
            "4": {
              "Id": "EditorTool_Line",
              "Quantity": 1,
              "Durability": 0.0,
              "MaxDurability": 0.0,
              "OverrideDroppedItemAnimation": false
            },
            "1": {
              "Id": "EditorTool_Sculpt",
              "Quantity": 1,
              "Durability": 0.0,
              "MaxDurability": 0.0,
              "OverrideDroppedItemAnimation": false
            },
            "3": {
              "Id": "EditorTool_Paste",
              "Quantity": 1,
              "Durability": 0.0,
              "MaxDurability": 0.0,
              "OverrideDroppedItemAnimation": false
            },
            "5": {
              "Id": "EditorTool_Layers",
              "Quantity": 1,
              "Durability": 0.0,
              "MaxDurability": 0.0,
              "OverrideDroppedItemAnimation": false
            }
          }
        },
        "ActiveToolsSlot": -1,
        "ActiveUtilitySlot": -1,
        "SortType": "Name"
      },
      "PlayerData": {
        "BlockIdVersion": 11,
        "World": "MannCoBuildingWorld",
        "KnownRecipes": [],
        "PerWorldData": {
          "MannCoBuildingWorld": {
            "LastMovementStates": {
              "Flying": true
            },
            "FirstSpawn": false,
            "DeathPositions": []
          },
          "default": {
            "LastPosition": {
              "X": 0.5,
              "Y": 80.0,
              "Z": 0.5,
              "Pitch": -0.5404012203216553,
              "Yaw": 1.7303974628448486,
              "Roll": 0.0
            },
            "LastMovementStates": {
              "Flying": true
            },
            "FirstSpawn": false,
            "DeathPositions": []
          },
          "MannCoWorld": {
            "LastPosition": {
              "X": 22.80774688720703,
              "Y": 90.3121566772461,
              "Z": 28.655778884887695,
              "Pitch": -0.7573075890541077,
              "Yaw": -3.0345659255981445,
              "Roll": 0.0
            },
            "LastMovementStates": {
              "Flying": true
            },
            "FirstSpawn": false,
            "DeathPositions": []
          },
          "instance-Default_Flat-aa4a1b13-c3a8-4c4f-96fa-7e022ca987ed": {
            "LastPosition": {
              "X": 0.5,
              "Y": 80.0,
              "Z": 0.5,
              "Pitch": 0.003193617332726717,
              "Yaw": 3.138798713684082,
              "Roll": 0.0
            },
            "LastMovementStates": {
              "Flying": false
            },
            "FirstSpawn": false,
            "DeathPositions": []
          },
          "instance-Basic-409aadf9-60c1-4b6a-997e-fb6fac193326": {
            "LastPosition": {
              "X": 24.66973304748535,
              "Y": 130.8068084716797,
              "Z": 3.5909783840179443,
              "Pitch": -0.10898874700069427,
              "Yaw": -3.1397480964660645,
              "Roll": 0.0
            },
            "LastMovementStates": {
              "Flying": true
            },
            "FirstSpawn": false,
            "DeathPositions": []
          }
        },
        "DiscoveredZones": [],
        "DiscoveredInstances": [
          {
            "$binary": "TjWnz6SqRM+sGo3i44oUhQ==",
            "$type": "04"
          },
          {
            "$binary": "Q+x1x2VmQs6MImR5755FHA==",
            "$type": "04"
          },
          {
            "$binary": "kbGUBuLcTU+9eHOX7lYNmQ==",
            "$type": "04"
          },
          {
            "$binary": "TQgqE5WfT5W72Q/4g7McQw==",
            "$type": "04"
          },
          {
            "$binary": "JPB3gJjmSt6t6EMZzjXpCg==",
            "$type": "04"
          }
        ],
        "ReputationData": {},
        "ActiveObjectiveUUIDs": []
      },
      "BlockPlacementOverride": false,
      "HotbarManager": {
        "SavedHotbars": [
          {
            "Id": "Simple",
            "Capacity": 9,
            "Items": {
              "0": {
                "Id": "EditorTool_Cracks",
                "Quantity": 1,
                "Durability": 0.0,
                "MaxDurability": 0.0,
                "OverrideDroppedItemAnimation": false
              },
              "1": {
                "Id": "EditorTool_Selection",
                "Quantity": 1,
                "Durability": 0.0,
                "MaxDurability": 0.0,
                "OverrideDroppedItemAnimation": false
              },
              "3": {
                "Id": "EditorTool_Boulder",
                "Quantity": 1,
                "Durability": 0.0,
                "MaxDurability": 0.0,
                "Metadata": {
                  "ToolData": {
                    "iSmoothness": 1,
                    "fDecorationBlocksDensity": 50,
                    "gDecorationsAccent": "Empty",
                    "dDecorationAccentPrimary": 10,
                    "iJitterCircle": 2,
                    "kJitter": 0,
                    "hDecorationAccentDensity": 50,
                    "cDecorationsPrimary": "Rubble_Stone",
                    "aPrimaryBlocks": "Rock_Stone",
                    "iCircleRadius": 1,
                    "iCirclePoints": 4,
                    "eDecorationBlocks": "100.0%Rock_Bedrock,100.0%Rock_Volcanic_Cracked_Lava",
                    "jBoulderSize": 0
                  },
                  "BrushData": {
                    "Width": 9,
                    "Height": 9,
                    "Thickness": 0,
                    "Capped": false,
                    "Shape": "Cone",
                    "Origin": "Bottom",
                    "OriginRotation": false,
                    "RotationAxis": "None",
                    "RotationAngle": "None",
                    "MirrorAxis": "None",
                    "Material": "100.0%Rock_Volcanic_Cracked_Lava,100.0%Rock_Magma_Cooled,100.0%Rock_Bedrock,100.0%Ore_Iron_Volcanic,100.0%Rock_Magma_Cooled,100.0%Rock_Volcanic_Cracked_Lava,100.0%Rock_Magma_Cooled",
                    "FavoriteMaterials": [],
                    "Mask": "-",
                    "MaskAbove": "-",
                    "MaskNot": "-",
                    "MaskBelow": "-",
                    "MaskAdjacent": "-",
                    "MaskNeighbor": "-",
                    "MaskCommands": [],
                    "UseMaskCommands": false,
                    "InvertMask": false
                  }
                },
                "OverrideDroppedItemAnimation": false
              },
              "2": {
                "Id": "EditorTool_Paste",
                "Quantity": 1,
                "Durability": 0.0,
                "MaxDurability": 0.0,
                "OverrideDroppedItemAnimation": false
              },
              "7": {
                "Id": "Deco_Iron_Bars_Platforms",
                "Quantity": 100,
                "Durability": 0.0,
                "MaxDurability": 0.0,
                "OverrideDroppedItemAnimation": false
              },
              "6": {
                "Id": "Rock_Volcanic_Brick_Half",
                "Quantity": 100,
                "Durability": 0.0,
                "MaxDurability": 0.0,
                "OverrideDroppedItemAnimation": false
              },
              "4": {
                "Id": "Rock_Volcanic_Brick",
                "Quantity": 100,
                "Durability": 0.0,
                "MaxDurability": 0.0,
                "OverrideDroppedItemAnimation": false
              },
              "5": {
                "Id": "EditorTool_Line",
                "Quantity": 1,
                "Durability": 0.0,
                "MaxDurability": 0.0,
                "Metadata": {
                  "ToolData": {
                    "fLineWallThickness": 0,
                    "hLineDensity": 100,
                    "bLineWidth": 3,
                    "cLineHeight": 1,
                    "iLineType": "Split",
                    "dLineShape": "Cube",
                    "aLineMaterial": "Rock_Magma_Cooled",
                    "gLineSpacing": 1,
                    "eLineOrigin": "Center"
                  }
                },
                "OverrideDroppedItemAnimation": false
              },
              "8": {
                "Id": "Fluid_Lava",
                "Quantity": 1,
                "Durability": 0.0,
                "MaxDurability": 0.0,
                "OverrideDroppedItemAnimation": false
              }
            }
          },
          null,
          null,
          null,
          null,
          null,
          null,
          null,
          null,
          null
        ],
        "CurrentHotbar": 0
      },
      "GameMode": "Creative"
    },
    "Invulnerable": {},
    "HitboxCollision": {
      "HitboxCollisionConfigIndex": 1
    },
    "UniqueItemUsages": {
      "UniqueItemUsed": []
    },
    "Instance": {
      "ReturnPoint": {
        "World": {
          "$binary": "KzPekp2RQDKA9PZoO+OqIA==",
          "$type": "04"
        },
        "ReturnPoint": {
          "X": -1.7097939252853394,
          "Y": 82.6181640625,
          "Z": -9.216291427612305,
          "Pitch": -0.053671009838581085,
          "Yaw": 0.5358851552009583,
          "Roll": 0.0
        },
        "ReturnOnReconnect": false
      }
    },
    "UUID": {
      "UUID": {
        "$binary": "zk1jNB3eT0qK8FAC0x4Nwg==",
        "$type": "04"
      }
    },
    "EntityStats": {
      "Version": 5,
      "Stats": {
        "Oxygen": {
          "Id": "Oxygen",
          "Value": 100.0
        },
        "Mana": {
          "Id": "Mana",
          "Value": 0.0
        },
        "Health": {
          "Id": "Health",
          "Value": 100.0
        },
        "GlidingActive": {
          "Id": "GlidingActive",
          "Value": 0.0
        },
        "Immunity": {
          "Id": "Immunity",
          "Value": 0.0
        },
        "SignatureCharges": {
          "Id": "SignatureCharges",
          "Value": 0.0
        },
        "Stamina": {
          "Id": "Stamina",
          "Value": 10.0
        },
        "Ammo": {
          "Id": "Ammo",
          "Value": 0.0
        },
        "Unknown": {
          "Id": "Unknown",
          "Value": 0.0
        },
        "SignatureEnergy": {
          "Id": "SignatureEnergy",
          "Value": 0.0
        },
        "DeployablePreview": {
          "Id": "DeployablePreview",
          "Value": 0.0
        },
        "StaminaRegenDelay": {
          "Id": "StaminaRegenDelay",
          "Value": 0.0
        },
        "MagicCharges": {
          "Id": "MagicCharges",
          "Value": 0.0
        }
      }
    },
    "HeadRotation": {
      "Rotation": {
        "Pitch": -0.7395368218421936,
        "Yaw": 1.916214942932129,
        "Roll": 0.0
      }
    }
  }
}