{
  "Components": {
    "Nameplate": {
      "Text": "AstroDwarf"
    },
    "EffectController": {},
    "ObjectiveHistory": {
      "ObjectiveHistory": {},
      "ObjectiveLineHistory": {}
    },
    "RespondToHit": {},
    "DisplayName": {
      "DisplayName": {
        "RawText": "AstroDwarf",
        "Bold": null,
        "Italic": null,
        "Monospace": null,
        "Underline": null
      }
    },
    "UIComponentList": {},
    "Transform": {
      "Position": {
        "X": -1.8521734476089478,
        "Y": 97.0,
        "Z": -12.546302795410156
      },
      "Rotation": {
        "Pitch": 0.0,
        "Yaw": -10.093369483947754,
        "Roll": 0.0
      }
    },
    "BuilderTools": {
      "SelectionHistory": true
    },
    "Velocity": {
      "Velocity": {
        "X": 0.0,
        "Y": 0.0,
        "Z": 0.0
      }
    },
    "Player": {
      "Version": 5,
      "UUID": {
        "$binary": "zk1jNB3eT0qK8FAC0x4Nwg==",
        "$type": "04"
      },
      "Inventory": {
        "Version": 4,
        "Storage": {
          "Id": "Simple",
          "Capacity": 36,
          "Items": {}
        },
        "Armor": {
          "Id": "Simple",
          "Capacity": 4,
          "Items": {}
        },
        "HotBar": {
          "Id": "Simple",
          "Capacity": 9,
          "Items": {
            "0": {
              "Id": "MannCoRifle",
              "Quantity": 1,
              "Durability": 0.0,
              "MaxDurability": 0.0,
              "OverrideDroppedItemAnimation": false
            },
            "2": {
              "Id": "RustyGear",
              "Quantity": 1,
              "Durability": 0.0,
              "MaxDurability": 0.0,
              "OverrideDroppedItemAnimation": false
            },
            "4": {
              "Id": "Ingredient_Hide_Medium",
              "Quantity": 2,
              "Durability": 0.0,
              "MaxDurability": 0.0,
              "OverrideDroppedItemAnimation": false
            },
            "1": {
              "Id": "RustyGear",
              "Quantity": 1,
              "Durability": 0.0,
              "MaxDurability": 0.0,
              "OverrideDroppedItemAnimation": false
            },
            "3": {
              "Id": "Food_Beef_Raw",
              "Quantity": 3,
              "Durability": 0.0,
              "MaxDurability": 0.0,
              "OverrideDroppedItemAnimation": false
            }
          }
        },
        "Utility": {
          "Id": "Simple",
          "Capacity": 4,
          "Items": {
            "0": {
              "Id": "Weapon_Shield_Iron",
              "Quantity": 1,
              "Durability": 0.0,
              "MaxDurability": 0.0,
              "OverrideDroppedItemAnimation": false
            }
          }
        },
        "Backpack": {
          "Id": "Empty"
        },
        "ActiveHotbarSlot": 0,
        "Tool": {
          "Id": "Simple",
          "Capacity": 23,
          "Items": {
            "0": {
              "Id": "EditorTool_Paint",
              "Quantity": 1,
              "Durability": 0.0,
              "MaxDurability": 0.0,
              "OverrideDroppedItemAnimation": false
            },
            "2": {
              "Id": "EditorTool_Selection",
              "Quantity": 1,
              "Durability": 0.0,
              "MaxDurability": 0.0,
              "OverrideDroppedItemAnimation": false
            },
            "4": {
              "Id": "EditorTool_Line",
              "Quantity": 1,
              "Durability": 0.0,
              "MaxDurability": 0.0,
              "OverrideDroppedItemAnimation": false
            },
            "1": {
              "Id": "EditorTool_Sculpt",
              "Quantity": 1,
              "Durability": 0.0,
              "MaxDurability": 0.0,
              "OverrideDroppedItemAnimation": false
            },
            "3": {
              "Id": "EditorTool_Paste",
              "Quantity": 1,
              "Durability": 0.0,
              "MaxDurability": 0.0,
              "OverrideDroppedItemAnimation": false
            },
            "5": {
              "Id": "EditorTool_Layers",
              "Quantity": 1,
              "Durability": 0.0,
              "MaxDurability": 0.0,
              "OverrideDroppedItemAnimation": false
            }
          }
        },
        "ActiveToolsSlot": -1,
        "ActiveUtilitySlot": -1,
        "SortType": "Name"
      },
      "PlayerData": {
        "BlockIdVersion": 11,
        "World": "default",
        "KnownRecipes": [],
        "PerWorldData": {
          "MannCoBuildingWorld": {
            "LastPosition": {
              "X": -14.997298240661621,
              "Y": 80.0,
              "Z": 15.023557662963867,
              "Pitch": -0.21969036757946014,
              "Yaw": -2.462948799133301,
              "Roll": 0.0
            },
            "LastMovementStates": {
              "Flying": false
            },
            "FirstSpawn": false,
            "DeathPositions": []
          },
          "default": {
            "LastPosition": {
              "X": -2.5770576000213623,
              "Y": 80.0,
              "Z": 29.725923538208008,
              "Pitch": -0.11927540600299835,
              "Yaw": -1.55763840675354,
              "Roll": 0.0
            },
            "LastMovementStates": {
              "Flying": false
            },
            "FirstSpawn": false,
            "DeathPositions": []
          },
          "MannCoWorld": {
            "LastPosition": {
              "X": -1.5130565166473389,
              "Y": 82.46587371826172,
              "Z": 26.5561466217041,
              "Pitch": -0.44262564182281494,
              "Yaw": -20.21322250366211,
              "Roll": 0.0
            },
            "LastMovementStates": {
              "Flying": true
            },
            "FirstSpawn": false,
            "DeathPositions": [
              {
                "MarkerId": "death-marker-55cb3438-39e0-41e7-8407-efe6dff70a66",
                "Transform": {
                  "X": -15.432692527770996,
                  "Y": 80.0,
                  "Z": 36.74964141845703,
                  "Pitch": 0.0,
                  "Yaw": 0.0,
                  "Roll": 0.0
                },
                "Day": 0
              },
              {
                "MarkerId": "death-marker-e599de06-e6c1-42ac-82cc-22f350a76e62",
                "Transform": {
                  "X": 20.748350143432617,
                  "Y": 80.0,
                  "Z": 6.185605049133301,
                  "Pitch": 0.0,
                  "Yaw": 0.0,
                  "Roll": 0.0
                },
                "Day": 0
              },
              {
                "MarkerId": "death-marker-39096a23-a6be-451a-acd5-81ed27e98492",
                "Transform": {
                  "X": -5.389476299285889,
                  "Y": 80.0,
                  "Z": 36.75346374511719,
                  "Pitch": 0.0,
                  "Yaw": 0.0,
                  "Roll": 0.0
                },
                "Day": 0
              },
              {
                "MarkerId": "death-marker-3c16835c-444c-4196-9527-0e5d83bac946",
                "Transform": {
                  "X": 24.266450881958008,
                  "Y": 80.0,
                  "Z": 4.079988956451416,
                  "Pitch": 0.0,
                  "Yaw": 0.0,
                  "Roll": 0.0
                },
                "Day": 0
              },
              {
                "MarkerId": "death-marker-e7282098-7672-48d8-9560-6c394dc4ede6",
                "Transform": {
                  "X": -5.995882511138916,
                  "Y": 80.0,
                  "Z": 19.234386444091797,
                  "Pitch": 0.0,
                  "Yaw": 0.0,
                  "Roll": 0.0
                },
                "Day": 0
              }
            ]
          },
          "instance-Default_Flat-aa4a1b13-c3a8-4c4f-96fa-7e022ca987ed": {
            "LastPosition": {
              "X": 0.5,
              "Y": 80.0,
              "Z": 0.5,
              "Pitch": 0.003193617332726717,
              "Yaw": 3.138798713684082,
              "Roll": 0.0
            },
            "LastMovementStates": {
              "Flying": false
            },
            "FirstSpawn": false,
            "DeathPositions": []
          },
          "instance-Basic-409aadf9-60c1-4b6a-997e-fb6fac193326": {
            "LastPosition": {
              "X": 24.66973304748535,
              "Y": 130.8068084716797,
              "Z": 3.5909783840179443,
              "Pitch": -0.10898874700069427,
              "Yaw": -3.1397480964660645,
              "Roll": 0.0
            },
            "LastMovementStates": {
              "Flying": true
            },
            "FirstSpawn": false,
            "DeathPositions": []
          }
        },
        "DiscoveredZones": [],
        "DiscoveredInstances": [
          {
            "$binary": "kbGUBuLcTU+9eHOX7lYNmQ==",
            "$type": "04"
          },
          {
            "$binary": "TjWnz6SqRM+sGo3i44oUhQ==",
            "$type": "04"
          },
          {
            "$binary": "0nI7/t6PR/6KWflr7fqSwQ==",
            "$type": "04"
          },
          {
            "$binary": "Q+x1x2VmQs6MImR5755FHA==",
            "$type": "04"
          },
          {
            "$binary": "JPB3gJjmSt6t6EMZzjXpCg==",
            "$type": "04"
          },
          {
            "$binary": "2cqXEdNwR/SLKO0lg+TqkA==",
            "$type": "04"
          },
          {
            "$binary": "qHcrbv7KT6ae1X38JkYExw==",
            "$type": "04"
          },
          {
            "$binary": "hLBH2StQQ9CSkByvtWhZkg==",
            "$type": "04"
          },
          {
            "$binary": "QkPjNKRFTDScwu/8MYeLig==",
            "$type": "04"
          },
          {
            "$binary": "ykNx1Q0zQJScWYCnQQYQ3w==",
            "$type": "04"
          },
          {
            "$binary": "YK4JUYOvRI6R63lf8IbsWg==",
            "$type": "04"
          },
          {
            "$binary": "bOjF7keuRTGKkFO0C2kkkA==",
            "$type": "04"
          },
          {
            "$binary": "TQgqE5WfT5W72Q/4g7McQw==",
            "$type": "04"
          },
          {
            "$binary": "A+xmMf0dTlienaEK3eYq/g==",
            "$type": "04"
          },
          {
            "$binary": "deTPN64jQmyjnYD1LPUYSg==",
            "$type": "04"
          },
          {
            "$binary": "zvI3UCvqRsGUYtQ5vRYKLQ==",
            "$type": "04"
          }
        ],
        "ReputationData": {},
        "ActiveObjectiveUUIDs": []
      },
      "BlockPlacementOverride": false,
      "HotbarManager": {
        "SavedHotbars": [
          {
            "Id": "Simple",
            "Capacity": 9,
            "Items": {
              "0": {
                "Id": "MannCoRifle",
                "Quantity": 1,
                "Durability": 0.0,
                "MaxDurability": 0.0,
                "OverrideDroppedItemAnimation": false
              },
              "1": {
                "Id": "RustyGear",
                "Quantity": 1,
                "Durability": 0.0,
                "MaxDurability": 0.0,
                "OverrideDroppedItemAnimation": false
              },
              "3": {
                "Id": "Food_Beef_Raw",
                "Quantity": 3,
                "Durability": 0.0,
                "MaxDurability": 0.0,
                "OverrideDroppedItemAnimation": false
              },
              "2": {
                "Id": "RustyGear",
                "Quantity": 1,
                "Durability": 0.0,
                "MaxDurability": 0.0,
                "OverrideDroppedItemAnimation": false
              },
              "4": {
                "Id": "Ingredient_Hide_Medium",
                "Quantity": 2,
                "Durability": 0.0,
                "MaxDurability": 0.0,
                "OverrideDroppedItemAnimation": false
              }
            }
          },
          null,
          null,
          null,
          null,
          null,
          null,
          null,
          null,
          null
        ],
        "CurrentHotbar": 0
      },
      "GameMode": "Creative"
    },
    "Invulnerable": {},
    "HitboxCollision": {
      "HitboxCollisionConfigIndex": 1
    },
    "UniqueItemUsages": {
      "UniqueItemUsed": []
    },
    "Instance": {},
    "UUID": {
      "UUID": {
        "$binary": "zk1jNB3eT0qK8FAC0x4Nwg==",
        "$type": "04"
      }
    },
    "EntityStats": {
      "Version": 5,
      "Stats": {
        "Oxygen": {
          "Id": "Oxygen",
          "Value": 100.0
        },
        "Mana": {
          "Id": "Mana",
          "Value": 0.0
        },
        "Health": {
          "Id": "Health",
          "Value": 100.0
        },
        "GlidingActive": {
          "Id": "GlidingActive",
          "Value": 0.0
        },
        "Immunity": {
          "Id": "Immunity",
          "Value": 0.0
        },
        "SignatureCharges": {
          "Id": "SignatureCharges",
          "Value": 0.0
        },
        "Stamina": {
          "Id": "Stamina",
          "Value": 10.0
        },
        "Ammo": {
          "Id": "Ammo",
          "Value": 0.0
        },
        "Unknown": {
          "Id": "Unknown",
          "Value": 0.0
        },
        "SignatureEnergy": {
          "Id": "SignatureEnergy",
          "Value": 0.0
        },
        "DeployablePreview": {
          "Id": "DeployablePreview",
          "Value": 0.0
        },
        "StaminaRegenDelay": {
          "Id": "StaminaRegenDelay",
          "Value": 0.0
        },
        "MagicCharges": {
          "Id": "MagicCharges",
          "Value": 0.0
        }
      }
    },
    "HeadRotation": {
      "Rotation": {
        "Pitch": -0.4629594683647156,
        "Yaw": -10.15953540802002,
        "Roll": 0.0
      }
    }
  }
}