{
  "Components": {
    "Nameplate": {
      "Text": "Cxom"
    },
    "EffectController": {},
    "ObjectiveHistory": {
      "ObjectiveHistory": {},
      "ObjectiveLineHistory": {}
    },
    "DisplayName": {
      "DisplayName": {
        "RawText": "Cxom",
        "Bold": null,
        "Italic": null,
        "Monospace": null,
        "Underline": null
      }
    },
    "UIComponentList": {},
    "Transform": {
      "Position": {
        "X": -24.708942413330078,
        "Y": 98.5457763671875,
        "Z": 12.230835914611816
      },
      "Rotation": {
        "Pitch": 0.0,
        "Yaw": 16.753726959228516,
        "Roll": 0.0
      }
    },
    "BuilderTools": {
      "SelectionHistory": true
    },
    "Velocity": {
      "Velocity": {
        "X": 0.01911159599394984,
        "Y": 0.0,
        "Z": 0.011014916852800434
      }
    },
    "Player": {
      "Version": 5,
      "UUID": {
        "$binary": "hqqnS1RESMS7x1usTjDHEA==",
        "$type": "04"
      },
      "Inventory": {
        "Version": 4,
        "Storage": {
          "Id": "Simple",
          "Capacity": 36,
          "Items": {
            "30": {
              "Id": "EditorTool_Mountain",
              "Quantity": 1,
              "Durability": 0.0,
              "MaxDurability": 0.0,
              "OverrideDroppedItemAnimation": false
            },
            "21": {
              "Id": "EditorTool_Mountain",
              "Quantity": 1,
              "Durability": 0.0,
              "MaxDurability": 0.0,
              "OverrideDroppedItemAnimation": false
            }
          }
        },
        "Armor": {
          "Id": "Simple",
          "Capacity": 4,
          "Items": {}
        },
        "HotBar": {
          "Id": "Simple",
          "Capacity": 9,
          "Items": {
            "0": {
              "Id": "MannCoRifle",
              "Quantity": 1,
              "Durability": 0.0,
              "MaxDurability": 0.0,
              "OverrideDroppedItemAnimation": false
            },
            "2": {
              "Id": "Rock_Basalt_Brick_Wall",
              "Quantity": 1,
              "Durability": 0.0,
              "MaxDurability": 0.0,
              "OverrideDroppedItemAnimation": false
            },
            "6": {
              "Id": "Rubble_Basalt_Medium",
              "Quantity": 1,
              "Durability": 0.0,
              "MaxDurability": 0.0,
              "OverrideDroppedItemAnimation": false
            },
            "4": {
              "Id": "Rock_Basalt_Brick_Smooth",
              "Quantity": 1,
              "Durability": 0.0,
              "MaxDurability": 0.0,
              "OverrideDroppedItemAnimation": false
            },
            "8": {
              "Id": "Ore_Iron_Basalt_Cracked",
              "Quantity": 100,
              "Durability": 0.0,
              "MaxDurability": 0.0,
              "OverrideDroppedItemAnimation": false
            },
            "1": {
              "Id": "Rock_Basalt_Brick_Roof_Flat",
              "Quantity": 1,
              "Durability": 0.0,
              "MaxDurability": 0.0,
              "OverrideDroppedItemAnimation": false
            },
            "3": {
              "Id": "EditorTool_Boulder",
              "Quantity": 1,
              "Durability": 0.0,
              "MaxDurability": 0.0,
              "Metadata": {
                "ToolData": {
                  "eDecorationBlocks": "Empty",
                  "cDecorationsPrimary": "Rubble_Basalt_Medium",
                  "iCirclePoints": 4,
                  "kJitter": 0,
                  "dDecorationAccentPrimary": 10,
                  "aPrimaryBlocks": "Rock_Basalt_Cobble",
                  "gDecorationsAccent": "Empty",
                  "iCircleRadius": 1,
                  "fDecorationBlocksDensity": 50,
                  "iJitterCircle": 2,
                  "hDecorationAccentDensity": 50,
                  "iSmoothness": 0,
                  "jBoulderSize": 0
                },
                "BrushData": {
                  "Width": 7,
                  "Height": 5,
                  "Thickness": 0,
                  "Capped": false,
                  "Shape": "Dome",
                  "Origin": "Bottom",
                  "OriginRotation": false,
                  "RotationAxis": "None",
                  "RotationAngle": "None",
                  "MirrorAxis": "None",
                  "Material": "Empty",
                  "FavoriteMaterials": [],
                  "Mask": "-",
                  "MaskAbove": "-",
                  "MaskNot": "-",
                  "MaskBelow": "-",
                  "MaskAdjacent": "-",
                  "MaskNeighbor": "-",
                  "MaskCommands": [],
                  "UseMaskCommands": false,
                  "InvertMask": false
                }
              },
              "OverrideDroppedItemAnimation": false
            },
            "7": {
              "Id": "Rubble_Basalt",
              "Quantity": 1,
              "Durability": 0.0,
              "MaxDurability": 0.0,
              "OverrideDroppedItemAnimation": false
            },
            "5": {
              "Id": "Rock_Basalt_Cobble",
              "Quantity": 1,
              "Durability": 0.0,
              "MaxDurability": 0.0,
              "OverrideDroppedItemAnimation": false
            }
          }
        },
        "Utility": {
          "Id": "Simple",
          "Capacity": 4,
          "Items": {}
        },
        "Backpack": {
          "Id": "Empty"
        },
        "ActiveHotbarSlot": 3,
        "Tool": {
          "Id": "Simple",
          "Capacity": 23,
          "Items": {
            "0": {
              "Id": "EditorTool_Paint",
              "Quantity": 1,
              "Durability": 0.0,
              "MaxDurability": 0.0,
              "OverrideDroppedItemAnimation": false
            },
            "2": {
              "Id": "EditorTool_Selection",
              "Quantity": 1,
              "Durability": 0.0,
              "MaxDurability": 0.0,
              "OverrideDroppedItemAnimation": false
            },
            "4": {
              "Id": "EditorTool_Line",
              "Quantity": 1,
              "Durability": 0.0,
              "MaxDurability": 0.0,
              "OverrideDroppedItemAnimation": false
            },
            "1": {
              "Id": "EditorTool_Sculpt",
              "Quantity": 1,
              "Durability": 0.0,
              "MaxDurability": 0.0,
              "OverrideDroppedItemAnimation": false
            },
            "3": {
              "Id": "EditorTool_Paste",
              "Quantity": 1,
              "Durability": 0.0,
              "MaxDurability": 0.0,
              "OverrideDroppedItemAnimation": false
            },
            "5": {
              "Id": "EditorTool_Layers",
              "Quantity": 1,
              "Durability": 0.0,
              "MaxDurability": 0.0,
              "OverrideDroppedItemAnimation": false
            }
          }
        },
        "ActiveToolsSlot": -1,
        "ActiveUtilitySlot": -1,
        "SortType": "Name"
      },
      "PlayerData": {
        "BlockIdVersion": 11,
        "World": "default",
        "KnownRecipes": [],
        "PerWorldData": {
          "default": {
            "LastPosition": {
              "X": -24.708942413330078,
              "Y": 98.5457763671875,
              "Z": 12.230835914611816,
              "Pitch": -1.3490486145019531,
              "Yaw": -1.7612390518188477,
              "Roll": 0.0
            },
            "LastMovementStates": {
              "Flying": true
            },
            "FirstSpawn": false,
            "DeathPositions": []
          },
          "MannCoWorld": {
            "LastPosition": {
              "X": -20.82299041748047,
              "Y": 80.0,
              "Z": 4.686469078063965,
              "Pitch": 0.30841147899627686,
              "Yaw": -1.9553475379943848,
              "Roll": 0.0
            },
            "LastMovementStates": {
              "Flying": false
            },
            "FirstSpawn": false,
            "DeathPositions": []
          }
        },
        "DiscoveredZones": [],
        "DiscoveredInstances": [
          {
            "$binary": "hLBH2StQQ9CSkByvtWhZkg==",
            "$type": "04"
          },
          {
            "$binary": "qHcrbv7KT6ae1X38JkYExw==",
            "$type": "04"
          }
        ],
        "ReputationData": {},
        "ActiveObjectiveUUIDs": []
      },
      "BlockPlacementOverride": false,
      "HotbarManager": {
        "SavedHotbars": [
          {
            "Id": "Simple",
            "Capacity": 9,
            "Items": {
              "0": {
                "Id": "MannCoRifle",
                "Quantity": 1,
                "Durability": 0.0,
                "MaxDurability": 0.0,
                "OverrideDroppedItemAnimation": false
              },
              "1": {
                "Id": "Rock_Basalt_Brick_Roof_Flat",
                "Quantity": 1,
                "Durability": 0.0,
                "MaxDurability": 0.0,
                "OverrideDroppedItemAnimation": false
              },
              "3": {
                "Id": "EditorTool_Boulder",
                "Quantity": 1,
                "Durability": 0.0,
                "MaxDurability": 0.0,
                "Metadata": {
                  "ToolData": {
                    "eDecorationBlocks": "Empty",
                    "cDecorationsPrimary": "Rubble_Basalt_Medium",
                    "iCirclePoints": 4,
                    "kJitter": 0,
                    "dDecorationAccentPrimary": 10,
                    "aPrimaryBlocks": "Rock_Basalt_Cobble",
                    "gDecorationsAccent": "Empty",
                    "iCircleRadius": 1,
                    "fDecorationBlocksDensity": 50,
                    "iJitterCircle": 2,
                    "hDecorationAccentDensity": 50,
                    "iSmoothness": 0,
                    "jBoulderSize": 0
                  },
                  "BrushData": {
                    "Width": 7,
                    "Height": 5,
                    "Thickness": 0,
                    "Capped": false,
                    "Shape": "Dome",
                    "Origin": "Bottom",
                    "OriginRotation": false,
                    "RotationAxis": "None",
                    "RotationAngle": "None",
                    "MirrorAxis": "None",
                    "Material": "Empty",
                    "FavoriteMaterials": [],
                    "Mask": "-",
                    "MaskAbove": "-",
                    "MaskNot": "-",
                    "MaskBelow": "-",
                    "MaskAdjacent": "-",
                    "MaskNeighbor": "-",
                    "MaskCommands": [],
                    "UseMaskCommands": false,
                    "InvertMask": false
                  }
                },
                "OverrideDroppedItemAnimation": false
              },
              "2": {
                "Id": "Rock_Basalt_Brick_Wall",
                "Quantity": 1,
                "Durability": 0.0,
                "MaxDurability": 0.0,
                "OverrideDroppedItemAnimation": false
              },
              "7": {
                "Id": "Rubble_Basalt",
                "Quantity": 1,
                "Durability": 0.0,
                "MaxDurability": 0.0,
                "OverrideDroppedItemAnimation": false
              },
              "6": {
                "Id": "Rubble_Basalt_Medium",
                "Quantity": 1,
                "Durability": 0.0,
                "MaxDurability": 0.0,
                "OverrideDroppedItemAnimation": false
              },
              "4": {
                "Id": "Rock_Basalt_Brick_Smooth",
                "Quantity": 1,
                "Durability": 0.0,
                "MaxDurability": 0.0,
                "OverrideDroppedItemAnimation": false
              },
              "5": {
                "Id": "Rock_Basalt_Cobble",
                "Quantity": 1,
                "Durability": 0.0,
                "MaxDurability": 0.0,
                "OverrideDroppedItemAnimation": false
              },
              "8": {
                "Id": "Ore_Iron_Basalt_Cracked",
                "Quantity": 100,
                "Durability": 0.0,
                "MaxDurability": 0.0,
                "OverrideDroppedItemAnimation": false
              }
            }
          },
          null,
          null,
          null,
          null,
          null,
          null,
          null,
          null,
          null
        ],
        "CurrentHotbar": 0
      },
      "GameMode": "Creative"
    },
    "Invulnerable": {},
    "HitboxCollision": {
      "HitboxCollisionConfigIndex": 1
    },
    "UniqueItemUsages": {
      "UniqueItemUsed": []
    },
    "Instance": {},
    "UUID": {
      "UUID": {
        "$binary": "hqqnS1RESMS7x1usTjDHEA==",
        "$type": "04"
      }
    },
    "EntityStats": {
      "Version": 5,
      "Stats": {
        "Oxygen": {
          "Id": "Oxygen",
          "Value": 100.0
        },
        "Mana": {
          "Id": "Mana",
          "Value": 0.0
        },
        "Health": {
          "Id": "Health",
          "Value": 100.0
        },
        "GlidingActive": {
          "Id": "GlidingActive",
          "Value": 0.0
        },
        "Immunity": {
          "Id": "Immunity",
          "Value": 0.0
        },
        "SignatureCharges": {
          "Id": "SignatureCharges",
          "Value": 0.0
        },
        "Stamina": {
          "Id": "Stamina",
          "Value": 10.0
        },
        "Ammo": {
          "Id": "Ammo",
          "Value": 0.0
        },
        "Unknown": {
          "Id": "Unknown",
          "Value": 0.0
        },
        "SignatureEnergy": {
          "Id": "SignatureEnergy",
          "Value": 0.0
        },
        "DeployablePreview": {
          "Id": "DeployablePreview",
          "Value": 0.0
        },
        "StaminaRegenDelay": {
          "Id": "StaminaRegenDelay",
          "Value": 0.0
        },
        "MagicCharges": {
          "Id": "MagicCharges",
          "Value": 0.0
        }
      }
    },
    "HeadRotation": {
      "Rotation": {
        "Pitch": -1.3490486145019531,
        "Yaw": -1.7612390518188477,
        "Roll": 0.0
      }
    }
  }
}