{
  "Components": {
    "Nameplate": {
      "Text": "Diamssword"
    },
    "EffectController": {},
    "ObjectiveHistory": {
      "ObjectiveHistory": {},
      "ObjectiveLineHistory": {}
    },
    "DisplayName": {
      "DisplayName": {
        "RawText": "Diamssword",
        "Bold": null,
        "Italic": null,
        "Monospace": null,
        "Underline": null
      }
    },
    "UIComponentList": {},
    "Transform": {
      "Position": {
        "X": 11.061616897583008,
        "Y": 80.5,
        "Z": 4.485703468322754
      },
      "Rotation": {
        "Pitch": 0.0,
        "Yaw": -36.225372314453125,
        "Roll": 0.0
      }
    },
    "BuilderTools": {
      "SelectionHistory": true
    },
    "Velocity": {
      "Velocity": {
        "X": 0.0,
        "Y": 0.0,
        "Z": 0.0
      }
    },
    "Player": {
      "Version": 5,
      "UUID": {
        "$binary": "gKQgMcYfQ6KA7nUju1Njwg==",
        "$type": "04"
      },
      "Inventory": {
        "Version": 4,
        "Storage": {
          "Id": "Simple",
          "Capacity": 36,
          "Items": {
            "1": {
              "Id": "Rubble_Shale",
              "Quantity": 2,
              "Durability": 0.0,
              "MaxDurability": 0.0,
              "OverrideDroppedItemAnimation": false
            }
          }
        },
        "Armor": {
          "Id": "Simple",
          "Capacity": 4,
          "Items": {}
        },
        "HotBar": {
          "Id": "Simple",
          "Capacity": 9,
          "Items": {
            "0": {
              "Id": "MannCoRifle",
              "Quantity": 1,
              "Durability": 0.0,
              "MaxDurability": 0.0,
              "OverrideDroppedItemAnimation": false
            },
            "2": {
              "Id": "Rubble_Slate",
              "Quantity": 3,
              "Durability": 0.0,
              "MaxDurability": 0.0,
              "OverrideDroppedItemAnimation": false
            },
            "4": {
              "Id": "Ingredient_Fibre",
              "Quantity": 2,
              "Durability": 0.0,
              "MaxDurability": 0.0,
              "OverrideDroppedItemAnimation": false
            },
            "1": {
              "Id": "Tool_Pickaxe_Crude",
              "Quantity": 1,
              "Durability": 148.25,
              "MaxDurability": 150.0,
              "OverrideDroppedItemAnimation": false
            }
          }
        },
        "Utility": {
          "Id": "Simple",
          "Capacity": 4,
          "Items": {
            "0": {
              "Id": "Weapon_Shield_Adamantite",
              "Quantity": 1,
              "Durability": 0.0,
              "MaxDurability": 0.0,
              "OverrideDroppedItemAnimation": false
            }
          }
        },
        "Backpack": {
          "Id": "Empty"
        },
        "ActiveHotbarSlot": 0,
        "Tool": {
          "Id": "Simple",
          "Capacity": 23,
          "Items": {
            "0": {
              "Id": "EditorTool_Paint",
              "Quantity": 1,
              "Durability": 0.0,
              "MaxDurability": 0.0,
              "OverrideDroppedItemAnimation": false
            },
            "2": {
              "Id": "EditorTool_Selection",
              "Quantity": 1,
              "Durability": 0.0,
              "MaxDurability": 0.0,
              "OverrideDroppedItemAnimation": false
            },
            "4": {
              "Id": "EditorTool_Line",
              "Quantity": 1,
              "Durability": 0.0,
              "MaxDurability": 0.0,
              "OverrideDroppedItemAnimation": false
            },
            "1": {
              "Id": "EditorTool_Sculpt",
              "Quantity": 1,
              "Durability": 0.0,
              "MaxDurability": 0.0,
              "OverrideDroppedItemAnimation": false
            },
            "3": {
              "Id": "EditorTool_Paste",
              "Quantity": 1,
              "Durability": 0.0,
              "MaxDurability": 0.0,
              "OverrideDroppedItemAnimation": false
            },
            "5": {
              "Id": "EditorTool_Layers",
              "Quantity": 1,
              "Durability": 0.0,
              "MaxDurability": 0.0,
              "OverrideDroppedItemAnimation": false
            }
          }
        },
        "ActiveToolsSlot": -1,
        "ActiveUtilitySlot": 0,
        "SortType": "Name"
      },
      "PlayerData": {
        "BlockIdVersion": 11,
        "World": "default",
        "KnownRecipes": [],
        "PerWorldData": {
          "default": {
            "LastPosition": {
              "X": 11.061616897583008,
              "Y": 80.5,
              "Z": 4.485703468322754,
              "Pitch": -0.7139964699745178,
              "Yaw": 1.44223952293396,
              "Roll": 0.0
            },
            "LastMovementStates": {
              "Flying": false
            },
            "FirstSpawn": false,
            "DeathPositions": []
          },
          "MannCoWorld": {
            "LastPosition": {
              "X": -10.603856086730957,
              "Y": 81.0,
              "Z": 9.435872077941895,
              "Pitch": -0.39899879693984985,
              "Yaw": 2.132887125015259,
              "Roll": 0.0
            },
            "LastMovementStates": {
              "Flying": false
            },
            "FirstSpawn": false,
            "DeathPositions": [
              {
                "MarkerId": "death-marker-a031608a-7d1e-46e3-8191-3e36813d5544",
                "Transform": {
                  "X": -21.154579162597656,
                  "Y": 80.0,
                  "Z": 6.536313056945801,
                  "Pitch": 0.0,
                  "Yaw": 0.0,
                  "Roll": 0.0
                },
                "Day": 0
              },
              {
                "MarkerId": "death-marker-85487797-5db1-4ead-a48a-4c0f136ca4dd",
                "Transform": {
                  "X": -37.2078742980957,
                  "Y": 80.0,
                  "Z": 6.216261863708496,
                  "Pitch": 0.0,
                  "Yaw": 0.0,
                  "Roll": 0.0
                },
                "Day": 0
              },
              {
                "MarkerId": "death-marker-fae9a3d2-0745-4490-aeac-33a8b570b5c6",
                "Transform": {
                  "X": 22.801698684692383,
                  "Y": 80.0,
                  "Z": 1.9043750762939453,
                  "Pitch": 0.0,
                  "Yaw": 0.0,
                  "Roll": 0.0
                },
                "Day": 0
              },
              {
                "MarkerId": "death-marker-b86b886a-db36-4478-b48e-6168511bc219",
                "Transform": {
                  "X": -11.737212181091309,
                  "Y": 80.0,
                  "Z": 38.75577926635742,
                  "Pitch": 0.0,
                  "Yaw": 0.0,
                  "Roll": 0.0
                },
                "Day": 0
              },
              {
                "MarkerId": "death-marker-e6c9d52e-2495-4535-b6cc-efe97ba63686",
                "Transform": {
                  "X": -14.67490005493164,
                  "Y": 78.0,
                  "Z": -13.32509994506836,
                  "Pitch": 0.0,
                  "Yaw": 0.0,
                  "Roll": 0.0
                },
                "Day": 0
              }
            ]
          }
        },
        "DiscoveredZones": [],
        "DiscoveredInstances": [
          {
            "$binary": "ypeZ3sbYS92q0JGGSBYbzA==",
            "$type": "04"
          },
          {
            "$binary": "A+xmMf0dTlienaEK3eYq/g==",
            "$type": "04"
          },
          {
            "$binary": "kbGUBuLcTU+9eHOX7lYNmQ==",
            "$type": "04"
          },
          {
            "$binary": "0nI7/t6PR/6KWflr7fqSwQ==",
            "$type": "04"
          },
          {
            "$binary": "TQgqE5WfT5W72Q/4g7McQw==",
            "$type": "04"
          },
          {
            "$binary": "FnCOIu/xTYqtwfz2TjAdHA==",
            "$type": "04"
          },
          {
            "$binary": "hLBH2StQQ9CSkByvtWhZkg==",
            "$type": "04"
          },
          {
            "$binary": "qHcrbv7KT6ae1X38JkYExw==",
            "$type": "04"
          },
          {
            "$binary": "sy1I2s9hQ6GlVLSvABhv1A==",
            "$type": "04"
          },
          {
            "$binary": "YK4JUYOvRI6R63lf8IbsWg==",
            "$type": "04"
          },
          {
            "$binary": "TjWnz6SqRM+sGo3i44oUhQ==",
            "$type": "04"
          }
        ],
        "ReputationData": {},
        "ActiveObjectiveUUIDs": []
      },
      "BlockPlacementOverride": false,
      "HotbarManager": {
        "SavedHotbars": [
          {
            "Id": "Simple",
            "Capacity": 9,
            "Items": {
              "0": {
                "Id": "MannCoRifle",
                "Quantity": 1,
                "Durability": 0.0,
                "MaxDurability": 0.0,
                "OverrideDroppedItemAnimation": false
              },
              "1": {
                "Id": "Tool_Pickaxe_Crude",
                "Quantity": 1,
                "Durability": 148.25,
                "MaxDurability": 150.0,
                "OverrideDroppedItemAnimation": false
              },
              "2": {
                "Id": "Rubble_Slate",
                "Quantity": 3,
                "Durability": 0.0,
                "MaxDurability": 0.0,
                "OverrideDroppedItemAnimation": false
              },
              "4": {
                "Id": "Ingredient_Fibre",
                "Quantity": 2,
                "Durability": 0.0,
                "MaxDurability": 0.0,
                "OverrideDroppedItemAnimation": false
              }
            }
          },
          null,
          null,
          null,
          null,
          null,
          null,
          null,
          null,
          null
        ],
        "CurrentHotbar": 0
      },
      "GameMode": "Creative"
    },
    "Invulnerable": {},
    "HitboxCollision": {
      "HitboxCollisionConfigIndex": 1
    },
    "UniqueItemUsages": {
      "UniqueItemUsed": []
    },
    "Instance": {},
    "UUID": {
      "UUID": {
        "$binary": "gKQgMcYfQ6KA7nUju1Njwg==",
        "$type": "04"
      }
    },
    "EntityStats": {
      "Version": 5,
      "Stats": {
        "Oxygen": {
          "Id": "Oxygen",
          "Value": 100.0
        },
        "Mana": {
          "Id": "Mana",
          "Value": 0.0
        },
        "Health": {
          "Id": "Health",
          "Value": 100.0
        },
        "GlidingActive": {
          "Id": "GlidingActive",
          "Value": 0.0
        },
        "Immunity": {
          "Id": "Immunity",
          "Value": 0.0
        },
        "SignatureCharges": {
          "Id": "SignatureCharges",
          "Value": 0.0
        },
        "Stamina": {
          "Id": "Stamina",
          "Value": 10.0
        },
        "Ammo": {
          "Id": "Ammo",
          "Value": 0.0
        },
        "Unknown": {
          "Id": "Unknown",
          "Value": 0.0
        },
        "SignatureEnergy": {
          "Id": "SignatureEnergy",
          "Value": 0.0
        },
        "DeployablePreview": {
          "Id": "DeployablePreview",
          "Value": 0.0
        },
        "StaminaRegenDelay": {
          "Id": "StaminaRegenDelay",
          "Value": 0.0
        },
        "MagicCharges": {
          "Id": "MagicCharges",
          "Value": 0.0
        }
      }
    },
    "HeadRotation": {
      "Rotation": {
        "Pitch": -0.7139964699745178,
        "Yaw": 1.44223952293396,
        "Roll": 0.0
      }
    }
  }
}