{
  "Components": {
    "Nameplate": {
      "Text": "AstroDwarf"
    },
    "EffectController": {},
    "ObjectiveHistory": {
      "ObjectiveHistory": {},
      "ObjectiveLineHistory": {}
    },
    "RespondToHit": {},
    "DisplayName": {
      "DisplayName": {
        "RawText": "AstroDwarf",
        "Bold": null,
        "Italic": null,
        "Monospace": null,
        "Underline": null
      }
    },
    "UIComponentList": {},
    "Transform": {
      "Position": {
        "X": -12.920490264892578,
        "Y": 80.0,
        "Z": -5.460375785827637
      },
      "Rotation": {
        "Pitch": 0.0,
        "Yaw": 4.0854010581970215,
        "Roll": 0.0
      }
    },
    "BuilderTools": {
      "SelectionHistory": true
    },
    "Velocity": {
      "Velocity": {
        "X": 0.0,
        "Y": 0.0,
        "Z": 0.0
      }
    },
    "Player": {
      "Version": 5,
      "UUID": {
        "$binary": "zk1jNB3eT0qK8FAC0x4Nwg==",
        "$type": "04"
      },
      "Inventory": {
        "Version": 4,
        "Storage": {
          "Id": "Simple",
          "Capacity": 36,
          "Items": {
            "0": {
              "Id": "Weapon_Arrow_Crude",
              "Quantity": 49,
              "Durability": 0.0,
              "MaxDurability": 0.0,
              "OverrideDroppedItemAnimation": false
            }
          }
        },
        "Armor": {
          "Id": "Simple",
          "Capacity": 4,
          "Items": {}
        },
        "HotBar": {
          "Id": "Simple",
          "Capacity": 9,
          "Items": {}
        },
        "Utility": {
          "Id": "Simple",
          "Capacity": 4,
          "Items": {}
        },
        "Backpack": {
          "Id": "Empty"
        },
        "ActiveHotbarSlot": 0,
        "Tool": {
          "Id": "Simple",
          "Capacity": 23,
          "Items": {
            "0": {
              "Id": "EditorTool_Paint",
              "Quantity": 1,
              "Durability": 0.0,
              "MaxDurability": 0.0,
              "OverrideDroppedItemAnimation": false
            },
            "2": {
              "Id": "EditorTool_Selection",
              "Quantity": 1,
              "Durability": 0.0,
              "MaxDurability": 0.0,
              "OverrideDroppedItemAnimation": false
            },
            "4": {
              "Id": "EditorTool_Line",
              "Quantity": 1,
              "Durability": 0.0,
              "MaxDurability": 0.0,
              "OverrideDroppedItemAnimation": false
            },
            "1": {
              "Id": "EditorTool_Sculpt",
              "Quantity": 1,
              "Durability": 0.0,
              "MaxDurability": 0.0,
              "OverrideDroppedItemAnimation": false
            },
            "3": {
              "Id": "EditorTool_Paste",
              "Quantity": 1,
              "Durability": 0.0,
              "MaxDurability": 0.0,
              "OverrideDroppedItemAnimation": false
            },
            "5": {
              "Id": "EditorTool_Layers",
              "Quantity": 1,
              "Durability": 0.0,
              "MaxDurability": 0.0,
              "OverrideDroppedItemAnimation": false
            }
          }
        },
        "ActiveToolsSlot": -1,
        "ActiveUtilitySlot": -1,
        "SortType": "Name"
      },
      "PlayerData": {
        "BlockIdVersion": 11,
        "World": "default",
        "KnownRecipes": [],
        "PerWorldData": {
          "default": {
            "LastPosition": {
              "X": 0.5,
              "Y": 80.0,
              "Z": 0.5,
              "Pitch": -0.18925216794013977,
              "Yaw": 8.964814186096191,
              "Roll": 0.0
            },
            "LastMovementStates": {
              "Flying": false
            },
            "FirstSpawn": false,
            "DeathPositions": [
              {
                "MarkerId": "death-marker-70d42e76-b1dd-4981-b096-42e7adaefd28",
                "Transform": {
                  "X": -25.131641387939453,
                  "Y": 80.0,
                  "Z": 11.085578918457031,
                  "Pitch": 0.0,
                  "Yaw": 0.0,
                  "Roll": 0.0
                },
                "Day": 3
              },
              {
                "MarkerId": "death-marker-3ac9ccbd-51e9-4677-9bef-03467000e205",
                "Transform": {
                  "X": -24.805574417114258,
                  "Y": 80.0,
                  "Z": 1.6009820699691772,
                  "Pitch": 0.0,
                  "Yaw": 0.0,
                  "Roll": 0.0
                },
                "Day": 3
              },
              {
                "MarkerId": "death-marker-afefe8e1-b988-4cf3-b972-a0c2df252374",
                "Transform": {
                  "X": 0.6417473554611206,
                  "Y": 80.0,
                  "Z": -9.501324653625488,
                  "Pitch": 0.0,
                  "Yaw": 0.0,
                  "Roll": 0.0
                },
                "Day": 3
              }
            ]
          }
        },
        "DiscoveredZones": [],
        "DiscoveredInstances": [],
        "ReputationData": {},
        "ActiveObjectiveUUIDs": []
      },
      "BlockPlacementOverride": false,
      "HotbarManager": {
        "SavedHotbars": [
          {
            "Id": "Simple",
            "Capacity": 9,
            "Items": {}
          },
          null,
          null,
          null,
          null,
          null,
          null,
          null,
          null,
          null
        ],
        "CurrentHotbar": 0
      },
      "GameMode": "Creative"
    },
    "Invulnerable": {},
    "HitboxCollision": {
      "HitboxCollisionConfigIndex": 1
    },
    "UniqueItemUsages": {
      "UniqueItemUsed": []
    },
    "Instance": {},
    "UUID": {
      "UUID": {
        "$binary": "zk1jNB3eT0qK8FAC0x4Nwg==",
        "$type": "04"
      }
    },
    "EntityStats": {
      "Version": 5,
      "Stats": {
        "Oxygen": {
          "Id": "Oxygen",
          "Value": 100.0
        },
        "Mana": {
          "Id": "Mana",
          "Value": 0.0
        },
        "Health": {
          "Id": "Health",
          "Value": 100.0
        },
        "GlidingActive": {
          "Id": "GlidingActive",
          "Value": 0.0
        },
        "Immunity": {
          "Id": "Immunity",
          "Value": 0.0
        },
        "SignatureCharges": {
          "Id": "SignatureCharges",
          "Value": 0.0
        },
        "Stamina": {
          "Id": "Stamina",
          "Value": 10.0
        },
        "Ammo": {
          "Id": "Ammo",
          "Value": 0.0
        },
        "Unknown": {
          "Id": "Unknown",
          "Value": 0.0
        },
        "SignatureEnergy": {
          "Id": "SignatureEnergy",
          "Value": 0.0
        },
        "DeployablePreview": {
          "Id": "DeployablePreview",
          "Value": 0.0
        },
        "StaminaRegenDelay": {
          "Id": "StaminaRegenDelay",
          "Value": 0.0
        },
        "MagicCharges": {
          "Id": "MagicCharges",
          "Value": 0.0
        }
      }
    },
    "HeadRotation": {
      "Rotation": {
        "Pitch": -0.19967743754386902,
        "Yaw": -2.1977858543395996,
        "Roll": 0.0
      }
    }
  }
}