{
  "Components": {
    "Nameplate": {
      "Text": "AstroDwarf"
    },
    "EffectController": {},
    "ObjectiveHistory": {
      "ObjectiveHistory": {},
      "ObjectiveLineHistory": {}
    },
    "DisplayName": {
      "DisplayName": {
        "RawText": "AstroDwarf",
        "Bold": null,
        "Italic": null,
        "Monospace": null,
        "Underline": null
      }
    },
    "UIComponentList": {},
    "Transform": {
      "Position": {
        "X": 11.326007843017578,
        "Y": 80.5,
        "Z": 3.1072325706481934
      },
      "Rotation": {
        "Pitch": 0.0,
        "Yaw": -3.2710211277008057,
        "Roll": 0.0
      }
    },
    "BuilderTools": {
      "SelectionHistory": true
    },
    "Velocity": {
      "Velocity": {
        "X": 0.0,
        "Y": 0.0,
        "Z": 0.0
      }
    },
    "Player": {
      "Version": 5,
      "UUID": {
        "$binary": "zk1jNB3eT0qK8FAC0x4Nwg==",
        "$type": "04"
      },
      "Inventory": {
        "Version": 4,
        "Storage": {
          "Id": "Simple",
          "Capacity": 36,
          "Items": {}
        },
        "Armor": {
          "Id": "Simple",
          "Capacity": 4,
          "Items": {}
        },
        "HotBar": {
          "Id": "Simple",
          "Capacity": 9,
          "Items": {
            "0": {
              "Id": "PayPhone",
              "Quantity": 1,
              "Durability": 0.0,
              "MaxDurability": 0.0,
              "OverrideDroppedItemAnimation": false
            }
          }
        },
        "Utility": {
          "Id": "Simple",
          "Capacity": 4,
          "Items": {}
        },
        "Backpack": {
          "Id": "Empty"
        },
        "ActiveHotbarSlot": 1,
        "Tool": {
          "Id": "Simple",
          "Capacity": 23,
          "Items": {
            "0": {
              "Id": "EditorTool_Paint",
              "Quantity": 1,
              "Durability": 0.0,
              "MaxDurability": 0.0,
              "OverrideDroppedItemAnimation": false
            },
            "2": {
              "Id": "EditorTool_Selection",
              "Quantity": 1,
              "Durability": 0.0,
              "MaxDurability": 0.0,
              "OverrideDroppedItemAnimation": false
            },
            "4": {
              "Id": "EditorTool_Line",
              "Quantity": 1,
              "Durability": 0.0,
              "MaxDurability": 0.0,
              "OverrideDroppedItemAnimation": false
            },
            "1": {
              "Id": "EditorTool_Sculpt",
              "Quantity": 1,
              "Durability": 0.0,
              "MaxDurability": 0.0,
              "OverrideDroppedItemAnimation": false
            },
            "3": {
              "Id": "EditorTool_Paste",
              "Quantity": 1,
              "Durability": 0.0,
              "MaxDurability": 0.0,
              "OverrideDroppedItemAnimation": false
            },
            "5": {
              "Id": "EditorTool_Layers",
              "Quantity": 1,
              "Durability": 0.0,
              "MaxDurability": 0.0,
              "OverrideDroppedItemAnimation": false
            }
          }
        },
        "ActiveToolsSlot": -1,
        "ActiveUtilitySlot": -1,
        "SortType": "Name"
      },
      "PlayerData": {
        "BlockIdVersion": 11,
        "World": "default",
        "KnownRecipes": [],
        "PerWorldData": {
          "MannCoBuildingWorld": {
            "LastPosition": {
              "X": -11.810928344726562,
              "Y": 81.0,
              "Z": 9.390857696533203,
              "Pitch": -0.2743096947669983,
              "Yaw": -4.927191257476807,
              "Roll": 0.0
            },
            "LastMovementStates": {
              "Flying": false
            },
            "FirstSpawn": false,
            "DeathPositions": []
          },
          "default": {
            "LastPosition": {
              "X": 11.245020866394043,
              "Y": 80.5,
              "Z": 1.777000069618225,
              "Pitch": -0.059991709887981415,
              "Yaw": -1.4906030893325806,
              "Roll": 0.0
            },
            "LastMovementStates": {
              "Flying": false
            },
            "FirstSpawn": false,
            "DeathPositions": []
          },
          "MannCoWorld": {
            "LastPosition": {
              "X": -13.908459663391113,
              "Y": 83.16094207763672,
              "Z": 3.093200206756592,
              "Pitch": -0.4536510705947876,
              "Yaw": -3.2380762100219727,
              "Roll": 0.0
            },
            "LastMovementStates": {
              "Flying": false
            },
            "FirstSpawn": false,
            "DeathPositions": [
              {
                "MarkerId": "death-marker-1fa435e1-c61b-4927-b625-58e5dd89e650",
                "Transform": {
                  "X": -16.32509994506836,
                  "Y": 78.15110778808594,
                  "Z": -18.67490005493164,
                  "Pitch": 0.0,
                  "Yaw": 0.0,
                  "Roll": 0.0
                },
                "Day": 0
              },
              {
                "MarkerId": "death-marker-fc5f9907-8bb3-4de0-bc7d-43db2ad54ce8",
                "Transform": {
                  "X": -20.438920974731445,
                  "Y": 77.0,
                  "Z": -14.32509994506836,
                  "Pitch": 0.0,
                  "Yaw": 0.0,
                  "Roll": 0.0
                },
                "Day": 0
              },
              {
                "MarkerId": "death-marker-f9799d94-9021-4eca-a5f3-579c7e078c49",
                "Transform": {
                  "X": -17.32509994506836,
                  "Y": 77.0,
                  "Z": -19.646825790405273,
                  "Pitch": 0.0,
                  "Yaw": 0.0,
                  "Roll": 0.0
                },
                "Day": 0
              },
              {
                "MarkerId": "death-marker-9b23111b-cbc4-43c1-9d2d-87fa833d837d",
                "Transform": {
                  "X": -10.625151634216309,
                  "Y": 80.88003540039062,
                  "Z": 18.78953742980957,
                  "Pitch": 0.0,
                  "Yaw": 0.0,
                  "Roll": 0.0
                },
                "Day": 0
              },
              {
                "MarkerId": "death-marker-4f921aed-e5c4-4440-9ed6-86af9637b61e",
                "Transform": {
                  "X": 3.051764965057373,
                  "Y": 80.0,
                  "Z": -5.014693260192871,
                  "Pitch": 0.0,
                  "Yaw": 0.0,
                  "Roll": 0.0
                },
                "Day": 0
              }
            ]
          },
          "instance-Default_Flat-aa4a1b13-c3a8-4c4f-96fa-7e022ca987ed": {
            "LastPosition": {
              "X": 0.5,
              "Y": 80.0,
              "Z": 0.5,
              "Pitch": 0.003193617332726717,
              "Yaw": 3.138798713684082,
              "Roll": 0.0
            },
            "LastMovementStates": {
              "Flying": false
            },
            "FirstSpawn": false,
            "DeathPositions": []
          },
          "instance-Basic-409aadf9-60c1-4b6a-997e-fb6fac193326": {
            "LastPosition": {
              "X": 24.66973304748535,
              "Y": 130.8068084716797,
              "Z": 3.5909783840179443,
              "Pitch": -0.10898874700069427,
              "Yaw": -3.1397480964660645,
              "Roll": 0.0
            },
            "LastMovementStates": {
              "Flying": true
            },
            "FirstSpawn": false,
            "DeathPositions": []
          }
        },
        "DiscoveredZones": [],
        "DiscoveredInstances": [
          {
            "$binary": "kbGUBuLcTU+9eHOX7lYNmQ==",
            "$type": "04"
          },
          {
            "$binary": "5D6lqZRoQi+I4dJvKmXLxQ==",
            "$type": "04"
          },
          {
            "$binary": "NPPpMB/6RwuYY9SElSxU0w==",
            "$type": "04"
          },
          {
            "$binary": "VTsxLfAQS1m3cNcdzVyLtw==",
            "$type": "04"
          },
          {
            "$binary": "JPB3gJjmSt6t6EMZzjXpCg==",
            "$type": "04"
          },
          {
            "$binary": "v1EYC4tOS0Weo2d2zYouFA==",
            "$type": "04"
          },
          {
            "$binary": "YpSKHcYpRUib7VjNp3av/Q==",
            "$type": "04"
          },
          {
            "$binary": "ioIuSTlCTYOWrSTf/pxCbQ==",
            "$type": "04"
          },
          {
            "$binary": "YK4JUYOvRI6R63lf8IbsWg==",
            "$type": "04"
          },
          {
            "$binary": "Q+x1x2VmQs6MImR5755FHA==",
            "$type": "04"
          },
          {
            "$binary": "PfywEaXhQIqxNRb5FIYs/g==",
            "$type": "04"
          },
          {
            "$binary": "A7jIfTbVSkaledCPRhH7FA==",
            "$type": "04"
          },
          {
            "$binary": "qHcrbv7KT6ae1X38JkYExw==",
            "$type": "04"
          },
          {
            "$binary": "hLBH2StQQ9CSkByvtWhZkg==",
            "$type": "04"
          },
          {
            "$binary": "QkPjNKRFTDScwu/8MYeLig==",
            "$type": "04"
          },
          {
            "$binary": "TjWnz6SqRM+sGo3i44oUhQ==",
            "$type": "04"
          },
          {
            "$binary": "ykNx1Q0zQJScWYCnQQYQ3w==",
            "$type": "04"
          },
          {
            "$binary": "XZJ4pfUwQXKFinGmzqG++w==",
            "$type": "04"
          },
          {
            "$binary": "bOjF7keuRTGKkFO0C2kkkA==",
            "$type": "04"
          },
          {
            "$binary": "TQgqE5WfT5W72Q/4g7McQw==",
            "$type": "04"
          },
          {
            "$binary": "6GA87LWRTGiIU61MxDsRFw==",
            "$type": "04"
          },
          {
            "$binary": "RHvpOU8jTXWvS2ODF1eybQ==",
            "$type": "04"
          },
          {
            "$binary": "IOCCs9nPSH+Ze4XqGFNARA==",
            "$type": "04"
          },
          {
            "$binary": "1Hg/Zv9sRAi8VGB9B37atg==",
            "$type": "04"
          },
          {
            "$binary": "RfdBti7MR/+i0g6xawgH0A==",
            "$type": "04"
          },
          {
            "$binary": "A+xmMf0dTlienaEK3eYq/g==",
            "$type": "04"
          },
          {
            "$binary": "Va554LJtQHehcPIVcCgpDw==",
            "$type": "04"
          },
          {
            "$binary": "tPM6frAwQeqAsLDNhz7JRA==",
            "$type": "04"
          },
          {
            "$binary": "lxmmn1MfRBOBxMB1VclC6w==",
            "$type": "04"
          },
          {
            "$binary": "kG0i4/tER1C7hgYV4XPEdQ==",
            "$type": "04"
          },
          {
            "$binary": "xUq5gbr9SVW04gHb06Nuqw==",
            "$type": "04"
          },
          {
            "$binary": "zvI3UCvqRsGUYtQ5vRYKLQ==",
            "$type": "04"
          },
          {
            "$binary": "deTPN64jQmyjnYD1LPUYSg==",
            "$type": "04"
          },
          {
            "$binary": "0nI7/t6PR/6KWflr7fqSwQ==",
            "$type": "04"
          },
          {
            "$binary": "ejzZ29OITv+m7MDgojNzjg==",
            "$type": "04"
          },
          {
            "$binary": "oCWwBPgDTDeSbjNBw+loXA==",
            "$type": "04"
          },
          {
            "$binary": "2cqXEdNwR/SLKO0lg+TqkA==",
            "$type": "04"
          },
          {
            "$binary": "bTJ1g3DISXOuncoIuxYKiA==",
            "$type": "04"
          },
          {
            "$binary": "s1cVRe/yTBiJin3/ikzh4Q==",
            "$type": "04"
          },
          {
            "$binary": "y/FDNk4DQ2qJIvRq7p7bkw==",
            "$type": "04"
          }
        ],
        "ReputationData": {},
        "ActiveObjectiveUUIDs": []
      },
      "BlockPlacementOverride": false,
      "HotbarManager": {
        "SavedHotbars": [
          {
            "Id": "Simple",
            "Capacity": 9,
            "Items": {
              "0": {
                "Id": "PayPhone",
                "Quantity": 1,
                "Durability": 0.0,
                "MaxDurability": 0.0,
                "OverrideDroppedItemAnimation": false
              }
            }
          },
          null,
          null,
          null,
          null,
          null,
          null,
          null,
          null,
          null
        ],
        "CurrentHotbar": 0
      },
      "GameMode": "Adventure"
    },
    "HitboxCollision": {
      "HitboxCollisionConfigIndex": 1
    },
    "UniqueItemUsages": {
      "UniqueItemUsed": []
    },
    "Instance": {},
    "UUID": {
      "UUID": {
        "$binary": "zk1jNB3eT0qK8FAC0x4Nwg==",
        "$type": "04"
      }
    },
    "EntityStats": {
      "Version": 5,
      "Stats": {
        "Oxygen": {
          "Id": "Oxygen",
          "Value": 100.0
        },
        "Mana": {
          "Id": "Mana",
          "Value": 0.0
        },
        "Health": {
          "Id": "Health",
          "Value": 100.0
        },
        "GlidingActive": {
          "Id": "GlidingActive",
          "Value": 0.0
        },
        "Immunity": {
          "Id": "Immunity",
          "Value": 0.0
        },
        "SignatureCharges": {
          "Id": "SignatureCharges",
          "Value": 0.0
        },
        "Stamina": {
          "Id": "Stamina",
          "Value": 10.0
        },
        "Ammo": {
          "Id": "Ammo",
          "Value": 0.0
        },
        "Unknown": {
          "Id": "Unknown",
          "Value": 0.0
        },
        "SignatureEnergy": {
          "Id": "SignatureEnergy",
          "Value": 0.0
        },
        "DeployablePreview": {
          "Id": "DeployablePreview",
          "Value": 0.0
        },
        "StaminaRegenDelay": {
          "Id": "StaminaRegenDelay",
          "Value": 0.0
        },
        "MagicCharges": {
          "Id": "MagicCharges",
          "Value": 0.0
        }
      }
    },
    "HeadRotation": {
      "Rotation": {
        "Pitch": -0.4072916507720947,
        "Yaw": 2.178015947341919,
        "Roll": 0.0
      }
    }
  }
}