{
  "Components": {
    "Nameplate": {
      "Text": "Diamssword"
    },
    "EffectController": {},
    "ObjectiveHistory": {
      "ObjectiveHistory": {},
      "ObjectiveLineHistory": {}
    },
    "DisplayName": {
      "DisplayName": {
        "RawText": "Diamssword",
        "Bold": null,
        "Italic": null,
        "Monospace": null,
        "Underline": null
      }
    },
    "UIComponentList": {},
    "Transform": {
      "Position": {
        "X": 4.799067497253418,
        "Y": 80.0,
        "Z": 19.429012298583984
      },
      "Rotation": {
        "Pitch": 0.0,
        "Yaw": 0.3761548101902008,
        "Roll": 0.0
      }
    },
    "BuilderTools": {
      "SelectionHistory": true
    },
    "Velocity": {
      "Velocity": {
        "X": 0.0,
        "Y": 0.0,
        "Z": 0.0
      }
    },
    "Player": {
      "Version": 5,
      "UUID": {
        "$binary": "gKQgMcYfQ6KA7nUju1Njwg==",
        "$type": "04"
      },
      "Inventory": {
        "Version": 4,
        "Storage": {
          "Id": "Simple",
          "Capacity": 36,
          "Items": {}
        },
        "Armor": {
          "Id": "Simple",
          "Capacity": 4,
          "Items": {}
        },
        "HotBar": {
          "Id": "Simple",
          "Capacity": 9,
          "Items": {
            "0": {
              "Id": "MannCoRifle",
              "Quantity": 1,
              "Durability": 0.0,
              "MaxDurability": 0.0,
              "OverrideDroppedItemAnimation": false
            },
            "2": {
              "Id": "Rubble_Shale",
              "Quantity": 1,
              "Durability": 0.0,
              "MaxDurability": 0.0,
              "OverrideDroppedItemAnimation": false
            },
            "4": {
              "Id": "Ingredient_Fibre",
              "Quantity": 4,
              "Durability": 0.0,
              "MaxDurability": 0.0,
              "OverrideDroppedItemAnimation": false
            },
            "1": {
              "Id": "Rubble_Slate",
              "Quantity": 1,
              "Durability": 0.0,
              "MaxDurability": 0.0,
              "OverrideDroppedItemAnimation": false
            },
            "3": {
              "Id": "Ingredient_Stick",
              "Quantity": 2,
              "Durability": 0.0,
              "MaxDurability": 0.0,
              "OverrideDroppedItemAnimation": false
            }
          }
        },
        "Utility": {
          "Id": "Simple",
          "Capacity": 4,
          "Items": {
            "0": {
              "Id": "Weapon_Shield_Adamantite",
              "Quantity": 1,
              "Durability": 0.0,
              "MaxDurability": 0.0,
              "OverrideDroppedItemAnimation": false
            }
          }
        },
        "Backpack": {
          "Id": "Empty"
        },
        "ActiveHotbarSlot": 5,
        "Tool": {
          "Id": "Simple",
          "Capacity": 23,
          "Items": {
            "0": {
              "Id": "EditorTool_Paint",
              "Quantity": 1,
              "Durability": 0.0,
              "MaxDurability": 0.0,
              "OverrideDroppedItemAnimation": false
            },
            "2": {
              "Id": "EditorTool_Selection",
              "Quantity": 1,
              "Durability": 0.0,
              "MaxDurability": 0.0,
              "OverrideDroppedItemAnimation": false
            },
            "4": {
              "Id": "EditorTool_Line",
              "Quantity": 1,
              "Durability": 0.0,
              "MaxDurability": 0.0,
              "OverrideDroppedItemAnimation": false
            },
            "1": {
              "Id": "EditorTool_Sculpt",
              "Quantity": 1,
              "Durability": 0.0,
              "MaxDurability": 0.0,
              "OverrideDroppedItemAnimation": false
            },
            "3": {
              "Id": "EditorTool_Paste",
              "Quantity": 1,
              "Durability": 0.0,
              "MaxDurability": 0.0,
              "OverrideDroppedItemAnimation": false
            },
            "5": {
              "Id": "EditorTool_Layers",
              "Quantity": 1,
              "Durability": 0.0,
              "MaxDurability": 0.0,
              "OverrideDroppedItemAnimation": false
            }
          }
        },
        "ActiveToolsSlot": -1,
        "ActiveUtilitySlot": 0,
        "SortType": "Name"
      },
      "PlayerData": {
        "BlockIdVersion": 11,
        "World": "default",
        "KnownRecipes": [],
        "PerWorldData": {
          "default": {
            "LastPosition": {
              "X": 4.799067497253418,
              "Y": 80.0,
              "Z": 19.429012298583984,
              "Pitch": -0.28699991106987,
              "Yaw": 0.3760388493537903,
              "Roll": 0.0
            },
            "LastMovementStates": {
              "Flying": false
            },
            "FirstSpawn": false,
            "DeathPositions": []
          },
          "MannCoWorld": {
            "LastPosition": {
              "X": 5.300107002258301,
              "Y": 98.48683166503906,
              "Z": 21.901012420654297,
              "Pitch": -0.9591978788375854,
              "Yaw": -2.426377296447754,
              "Roll": 0.0
            },
            "LastMovementStates": {
              "Flying": false
            },
            "FirstSpawn": false,
            "DeathPositions": [
              {
                "MarkerId": "death-marker-34307d07-6773-4c8d-b836-329ff2698f36",
                "Transform": {
                  "X": 12.781617164611816,
                  "Y": 80.0,
                  "Z": 9.485770225524902,
                  "Pitch": 0.0,
                  "Yaw": 0.0,
                  "Roll": 0.0
                },
                "Day": 0
              }
            ]
          }
        },
        "DiscoveredZones": [],
        "DiscoveredInstances": [
          {
            "$binary": "sy1I2s9hQ6GlVLSvABhv1A==",
            "$type": "04"
          },
          {
            "$binary": "TQgqE5WfT5W72Q/4g7McQw==",
            "$type": "04"
          },
          {
            "$binary": "kbGUBuLcTU+9eHOX7lYNmQ==",
            "$type": "04"
          },
          {
            "$binary": "TjWnz6SqRM+sGo3i44oUhQ==",
            "$type": "04"
          }
        ],
        "ReputationData": {},
        "ActiveObjectiveUUIDs": []
      },
      "BlockPlacementOverride": false,
      "HotbarManager": {
        "SavedHotbars": [
          {
            "Id": "Simple",
            "Capacity": 9,
            "Items": {
              "0": {
                "Id": "MannCoRifle",
                "Quantity": 1,
                "Durability": 0.0,
                "MaxDurability": 0.0,
                "OverrideDroppedItemAnimation": false
              },
              "1": {
                "Id": "Rubble_Slate",
                "Quantity": 1,
                "Durability": 0.0,
                "MaxDurability": 0.0,
                "OverrideDroppedItemAnimation": false
              },
              "3": {
                "Id": "Ingredient_Stick",
                "Quantity": 2,
                "Durability": 0.0,
                "MaxDurability": 0.0,
                "OverrideDroppedItemAnimation": false
              },
              "2": {
                "Id": "Rubble_Shale",
                "Quantity": 1,
                "Durability": 0.0,
                "MaxDurability": 0.0,
                "OverrideDroppedItemAnimation": false
              },
              "4": {
                "Id": "Ingredient_Fibre",
                "Quantity": 4,
                "Durability": 0.0,
                "MaxDurability": 0.0,
                "OverrideDroppedItemAnimation": false
              }
            }
          },
          null,
          null,
          null,
          null,
          null,
          null,
          null,
          null,
          null
        ],
        "CurrentHotbar": 0
      },
      "GameMode": "Creative"
    },
    "Invulnerable": {},
    "HitboxCollision": {
      "HitboxCollisionConfigIndex": 1
    },
    "UniqueItemUsages": {
      "UniqueItemUsed": []
    },
    "UUID": {
      "UUID": {
        "$binary": "gKQgMcYfQ6KA7nUju1Njwg==",
        "$type": "04"
      }
    },
    "EntityStats": {
      "Version": 5,
      "Stats": {
        "Oxygen": {
          "Id": "Oxygen",
          "Value": 100.0
        },
        "Mana": {
          "Id": "Mana",
          "Value": 0.0
        },
        "Health": {
          "Id": "Health",
          "Value": 100.0
        },
        "GlidingActive": {
          "Id": "GlidingActive",
          "Value": 0.0
        },
        "Immunity": {
          "Id": "Immunity",
          "Value": 0.0
        },
        "SignatureCharges": {
          "Id": "SignatureCharges",
          "Value": 0.0
        },
        "Stamina": {
          "Id": "Stamina",
          "Value": 10.0
        },
        "Ammo": {
          "Id": "Ammo",
          "Value": 0.0
        },
        "Unknown": {
          "Id": "Unknown",
          "Value": 0.0
        },
        "SignatureEnergy": {
          "Id": "SignatureEnergy",
          "Value": 0.0
        },
        "DeployablePreview": {
          "Id": "DeployablePreview",
          "Value": 0.0
        },
        "StaminaRegenDelay": {
          "Id": "StaminaRegenDelay",
          "Value": 0.0
        },
        "MagicCharges": {
          "Id": "MagicCharges",
          "Value": 0.0
        }
      }
    },
    "HeadRotation": {
      "Rotation": {
        "Pitch": -0.28699991106987,
        "Yaw": 0.3760388493537903,
        "Roll": 0.0
      }
    }
  }
}